,index,player_id,pretty_name,club_pretty_name,_name_and_club,index,pt_name,pt_team,_name_and_club,TRUSTWORTH
0,0,10,Miroslav Klose,Lazio Rom,Miroslav Klose Lazio Rom,5032,KLOSE,lazio,KLOSE lazio,True
2,2,111196,Stefan De Vrij,Lazio Rom,Stefan De Vrij Lazio Rom,6676,DE VRIJ S.,lazio,DE VRIJ S. lazio,True
3,3,12149,Lorik Cana,Lazio Rom,Lorik Cana Lazio Rom,4842,CANA,lazio,CANA lazio,True
5,5,131709,Ogenyi Onazi,Lazio Rom,Ogenyi Onazi Lazio Rom,5727,ONAZI O.,lazio,ONAZI O. lazio,True
7,7,16731,Edson Braafheid,Lazio Rom,Edson Braafheid Lazio Rom,6595,BRAAFHEID,lazio,BRAAFHEID lazio,True
11,11,22318,Federico Marchetti,Lazio Rom,Federico Marchetti Lazio Rom,3409,MARCHETTI F.,cagliari,MARCHETTI F. cagliari,True
15,15,29035,Ederson,Lazio Rom,Ederson Lazio Rom,5538,EDERSON,lazio,EDERSON lazio,True
19,19,47065,Filip Djordjevic,Lazio Rom,Filip Djordjevic Lazio Rom,6688,DJORDJEVIC F,lazio,DJORDJEVIC F lazio,True
22,22,61449,Senad Lulic,Lazio Rom,Senad Lulic Lazio Rom,5069,LULIC S.,lazio,LULIC S. lazio,True
28,31,159026,Ricardo Kishna,Lazio Rom,Ricardo Kishna Lazio Rom,7396,KISHNA R.,lazio,KISHNA R. lazio,True
29,36,22139,Abdoulay Konko,Lazio Rom,Abdoulay Konko Lazio Rom,2294,KONKO A.,siena,KONKO A. siena,True
30,39,24661,Milan Bisevac,Lazio Rom,Milan Bisevac Lazio Rom,7168,BISEVAC,lazio,BISEVAC lazio,True
34,50,67864,Mauricio,Lazio Rom,Mauricio Lazio Rom,6878,MAURICIO,lazio,MAURICIO lazio,True
35,58,105521,Ciro Immobile,Lazio Rom,Ciro Immobile Lazio Rom,5603,IMMOBILE C.,genoa,IMMOBILE C. genoa,True
36,60,128220,Luis Alberto,Lazio Rom,Luis Alberto Lazio Rom,8001,LUIS ALBERTO,lazio,LUIS ALBERTO lazio,True
41,66,222209,Thomas Strakosha,Lazio Rom,Thomas Strakosha Lazio Rom,8197,STRAKOSHA T.,lazio,STRAKOSHA T. lazio,True
42,67,227081,Joaquin Correa,Lazio Rom,Joaquin Correa Lazio Rom,6220,JOAQUIN,fiorentina,JOAQUIN fiorentina,True
43,68,228761,Jony,Lazio Rom,Jony Lazio Rom,9685,JONY,lazio,JONY lazio,True
44,69,239802,Adam Marusic,Lazio Rom,Adam Marusic Lazio Rom,8618,MARUSIC A.,lazio,MARUSIC A. lazio,True
46,72,331514,Bobby Adekanye,Lazio Rom,Bobby Adekanye Lazio Rom,9488,BOBBY A.,lazio,BOBBY A. lazio,True
49,76,457931,Luiz Felipe,Lazio Rom,Luiz Felipe Lazio Rom,8599,LUIZ FELIPE,lazio,LUIZ FELIPE lazio,True
51,84,170481,Jean Daniel Akpa Akpro,Lazio Rom,Jean Daniel Akpa Akpro Lazio Rom,10013,AKPA AKPRO J,lazio,AKPA AKPRO J lazio,True
54,95,266795,Gonzalo Escalante,Lazio Rom,Gonzalo Escalante Lazio Rom,10206,ESCALANTE G.,lazio,ESCALANTE G. lazio,True
56,100,421775,Nicolo Armini,Lazio Rom,Nicolo Armini Lazio Rom,9441,ARMINI N.,lazio,ARMINI N. lazio,True
57,102,45653,Mateo Musacchio,Lazio Rom,Mateo Musacchio Lazio Rom,8654,MUSACCHIO M.,milan,MUSACCHIO M. milan,True
60,119,228604,Luca Crecco,Lazio Rom,Luca Crecco Lazio Rom,5490,CRECCO L.,lazio,CRECCO L. lazio,True
66,129,34553,Ivan Vargic,Lazio Rom,Ivan Vargic Lazio Rom,8228,VARGIC I.,lazio,VARGIC I. lazio,True
68,165,256996,Guido Guerrieri,Lazio Rom,Guido Guerrieri Lazio Rom,8515,GUERRIERI G.,lazio,GUERRIERI G. lazio,True
69,168,40633,Milan Badelj,Lazio Rom,Milan Badelj Lazio Rom,6543,BADELJ M.,fiorentina,BADELJ M. fiorentina,True
72,190,200056,Elseid Hysaj,Lazio Rom,Elseid Hysaj Lazio Rom,6782,HYSAJ E.,empoli,HYSAJ E. empoli,True
73,194,283735,Mattia Zaccagni,Lazio Rom,Mattia Zaccagni Lazio Rom,7668,ZACCAGNI M.,verona,ZACCAGNI M. verona,True
79,211,102745,Luca Ceppitelli,Cagliari Calcio,Luca Ceppitelli Cagliari Calcio,6630,CEPPITELLI L,cagliari,CEPPITELLI L cagliari,True
81,213,124560,Samuele Longo,Cagliari Calcio,Samuele Longo Cagliari Calcio,390,SAMUEL,roma,SAMUEL roma,True
82,214,12907,Alessio Cragno,Cagliari Calcio,Alessio Cragno Cagliari Calcio,6655,CRAGNO A.,cagliari,CRAGNO A. cagliari,True
83,215,129129,Joao Pedro,Cagliari Calcio,Joao Pedro Cagliari Calcio,6801,JOAO PEDRO,cagliari,JOAO PEDRO cagliari,True
85,217,160825,Antonio Balzano,Cagliari Calcio,Antonio Balzano Cagliari Calcio,5367,BALZANO,pescara,BALZANO pescara,True
90,222,255942,Nicolo Barella,Cagliari Calcio,Nicolo Barella Cagliari Calcio,6551,BARELLA N.,cagliari,BARELLA N. cagliari,True
91,223,288506,Caio Rangel,Cagliari Calcio,Caio Rangel Cagliari Calcio,6611,CAIO RANGEL,cagliari,CAIO RANGEL cagliari,True
92,224,291266,Godfred Donsah,Cagliari Calcio,Godfred Donsah Cagliari Calcio,6125,DONSAH G.,verona,DONSAH G. verona,True
93,225,29962,Daniele Dessena,Cagliari Calcio,Daniele Dessena Cagliari Calcio,1119,DESSENA D.,parma,DESSENA D. parma,True
97,229,46415,Duje Cop,Cagliari Calcio,Duje Cop Cagliari Calcio,6649,COP,cagliari,COP cagliari,True
98,230,49275,Albin Ekdal,Cagliari Calcio,Albin Ekdal Cagliari Calcio,3279,EKDAL A.,juventus,EKDAL A. juventus,True
101,233,60128,Luca Rossettini,Cagliari Calcio,Luca Rossettini Cagliari Calcio,2990,ROSSETTINI L,siena,ROSSETTINI L siena,True
103,235,92141,Victor Ibarbo,Cagliari Calcio,Victor Ibarbo Cagliari Calcio,5009,IBARBO V.,cagliari,IBARBO V. cagliari,True
104,236,99923,Simone Benedetti,Cagliari Calcio,Simone Benedetti Cagliari Calcio,6565,BENEDETTI,cagliari,BENEDETTI cagliari,True
105,237,101922,Fabio Pisacane,Cagliari Calcio,Fabio Pisacane Cagliari Calcio,8120,PISACANE F.,cagliari,PISACANE F. cagliari,True
107,242,136514,Charalampos Lykogiannis,Cagliari Calcio,Charalampos Lykogiannis Cagliari Calcio,8603,LYKOGIANNIS,cagliari,LYKOGIANNIS cagliari,True
108,243,167796,Paolo Farago,Cagliari Calcio,Paolo Farago Cagliari Calcio,7873,FARAGO' P.,cagliari,FARAGO' P. cagliari,True
109,244,200194,Federico Mattiello,Cagliari Calcio,Federico Mattiello Cagliari Calcio,6874,MATTIELLO F.,chievo,MATTIELLO F. chievo,True
110,245,26105,Valter Birsa,Cagliari Calcio,Valter Birsa Cagliari Calcio,4805,BIRSA V.,genoa,BIRSA V. genoa,True
112,247,26669,Ragnar Klavan,Cagliari Calcio,Ragnar Klavan Cagliari Calcio,9127,KLAVAN R.,cagliari,KLAVAN R. cagliari,True
117,252,33218,Luca Cigarini,Cagliari Calcio,Luca Cigarini Cagliari Calcio,1607,CIGARINI L.,parma,CIGARINI L. parma,True
118,253,345458,Sebastian Walukiewicz,Cagliari Calcio,Sebastian Walukiewicz Cagliari Calcio,9990,WALUKIEWICZ,cagliari,WALUKIEWICZ cagliari,True
121,256,41982,Radja Nainggolan,Cagliari Calcio,Radja Nainggolan Cagliari Calcio,3996,NAINGGOLAN R,cagliari,NAINGGOLAN R cagliari,True
123,258,563812,Christian Oliva,Cagliari Calcio,Christian Oliva Cagliari Calcio,6637,CHRISTIANSEN,chievo,CHRISTIANSEN chievo,True
124,259,66360,Daniele Ragatzu,Cagliari Calcio,Daniele Ragatzu Cagliari Calcio,3512,RAGATZU D.,cagliari,RAGATZU D. cagliari,True
127,262,85605,Fabrizio Cacciatore,Cagliari Calcio,Fabrizio Cacciatore Cagliari Calcio,3717,CACCIATORE F,sampdoria,CACCIATORE F sampdoria,True
129,268,162959,Daniele Rugani,Cagliari Calcio,Daniele Rugani Cagliari Calcio,7016,RUGANI D.,empoli,RUGANI D. empoli,True
130,270,184894,Alfred Duncan,Cagliari Calcio,Alfred Duncan Cagliari Calcio,6129,DUNCAN A.,livorno,DUNCAN A. livorno,True
131,271,197751,Alberto Cerri,Cagliari Calcio,Alberto Cerri Cagliari Calcio,5,ALBERTO D.,udinese,ALBERTO D. udinese,True
135,282,357176,Alessandro Tripaldelli,Cagliari Calcio,Alessandro Tripaldelli Cagliari Calcio,9962,TRIPALDELLI,sassuolo,TRIPALDELLI sassuolo,True
144,297,13121,Bruno Alves,Cagliari Calcio,Bruno Alves Cagliari Calcio,7765,BRUNO A.,pescara,BRUNO A. pescara,True
145,298,163062,Luca Bittante,Cagliari Calcio,Luca Bittante Cagliari Calcio,7169,BITTANTE L.,empoli,BITTANTE L. empoli,True
146,302,190634,Marko Pajac,Cagliari Calcio,Marko Pajac Cagliari Calcio,9238,PAJAC M.,cagliari,PAJAC M. cagliari,True
147,303,19136,Marco Storari,Cagliari Calcio,Marco Storari Cagliari Calcio,1413,STORARI M.,messina,STORARI M. messina,True
148,304,22598,Gianni Munari,Cagliari Calcio,Gianni Munari Cagliari Calcio,3451,MUNARI G.,lecce,MUNARI G. lecce,True
149,307,265077,Luca Crosta,Cagliari Calcio,Luca Crosta Cagliari Calcio,8411,CROSTA L.,cagliari,CROSTA L. cagliari,True
151,310,43722,Mauricio Isla,Cagliari Calcio,Mauricio Isla Cagliari Calcio,6878,MAURICIO,lazio,MAURICIO lazio,True
152,311,46060,Federico Melchiorri,Cagliari Calcio,Federico Melchiorri Cagliari Calcio,8034,MELCHIORRI F,cagliari,MELCHIORRI F cagliari,True
153,312,52136,Davide Di Gennaro,Cagliari Calcio,Davide Di Gennaro Cagliari Calcio,2192,DI GENNARO D,milan,DI GENNARO D milan,True
155,315,5825,Marco Borriello,Cagliari Calcio,Marco Borriello Cagliari Calcio,62,BORRIELLO M.,empoli,BORRIELLO M. empoli,True
156,316,62415,Panagiotis Tachtsidis,Cagliari Calcio,Panagiotis Tachtsidis Cagliari Calcio,5880,TACHTSIDIS P,roma,TACHTSIDIS P roma,True
157,317,71019,Bartosz Salamon,Cagliari Calcio,Bartosz Salamon Cagliari Calcio,6434,SALAMON B.,sampdoria,SALAMON B. sampdoria,True
158,318,79242,Gabriel,Cagliari Calcio,Gabriel Cagliari Calcio,6162,GABRIEL V.,milan,GABRIEL V. milan,True
160,331,249552,Senna Miangue,Cagliari Calcio,Senna Miangue Cagliari Calcio,8039,MIANGUE S.,cagliari,MIANGUE S. cagliari,True
162,336,36356,Marco Andreolli,Cagliari Calcio,Marco Andreolli Cagliari Calcio,978,ANDREOLLI M.,inter,ANDREOLLI M. inter,True
163,337,386574,Fabrizio Caligara,Cagliari Calcio,Fabrizio Caligara Cagliari Calcio,8356,CALIGARA F.,cagliari,CALIGARA F. cagliari,True
165,339,45548,Gregory Van Der Wiel,Cagliari Calcio,Gregory Van Der Wiel Cagliari Calcio,8827,VAN DER WIEL,cagliari,VAN DER WIEL cagliari,True
168,355,14942,Darijo Srna,Cagliari Calcio,Darijo Srna Cagliari Calcio,9359,SRNA D.,cagliari,SRNA D. cagliari,True
169,358,238486,Filip Bradaric,Cagliari Calcio,Filip Bradaric Cagliari Calcio,8928,BRADARIC F.,cagliari,BRADARIC F. cagliari,True
170,362,29316,Cyril Thereau,Cagliari Calcio,Cyril Thereau Cagliari Calcio,4700,THEREAU C.,chievo,THEREAU C. chievo,True
171,375,134883,Daniele Baselli,Cagliari Calcio,Daniele Baselli Cagliari Calcio,5984,BASELLI D.,atalanta,BASELLI D. atalanta,True
173,380,242940,Edoardo Goldaniga,Cagliari Calcio,Edoardo Goldaniga Cagliari Calcio,7345,GOLDANIGA E.,palermo,GOLDANIGA E. palermo,True
177,389,357992,Raoul Bellanova,Cagliari Calcio,Raoul Bellanova Cagliari Calcio,8901,BELLANOVA R.,milan,BELLANOVA R. milan,True
181,396,68864,Kevin Strootman,Cagliari Calcio,Kevin Strootman Cagliari Calcio,6469,STROOTMAN K.,roma,STROOTMAN K. roma,True
183,408,112343,Manolo Gabbiadini,Sampdoria Genua,Manolo Gabbiadini Sampdoria Genua,4964,GABBIADINI M,atalanta,GABBIADINI M atalanta,True
184,409,119228,Luis Muriel,Sampdoria Genua,Luis Muriel Sampdoria Genua,5132,MURIEL L.,lecce,MURIEL L. lecce,True
185,410,164759,Pawel Wszolek,Sampdoria Genua,Pawel Wszolek Sampdoria Genua,6501,WSZOLEK P.,sampdoria,WSZOLEK P. sampdoria,True
187,412,17735,Djamel Mesbah,Sampdoria Genua,Djamel Mesbah Sampdoria Genua,4523,MESBAH D.,lecce,MESBAH D. lecce,True
197,424,52328,Gonzalo Bergessio,Sampdoria Genua,Gonzalo Bergessio Sampdoria Genua,4237,BERGESSIO G.,catania,BERGESSIO G. catania,True
198,425,56790,Nenad Krsticic,Sampdoria Genua,Nenad Krsticic Sampdoria Genua,3369,KRSTICIC,sampdoria,KRSTICIC sampdoria,True
201,428,7096,Daniele Gastaldello,Sampdoria Genua,Daniele Gastaldello Sampdoria Genua,1719,GASTALDELLO,siena,GASTALDELLO siena,True
204,432,109038,Dodo,Sampdoria Genua,Dodo Sampdoria Genua,5525,DODÒ,roma,DODÒ roma,True
209,440,21859,Mattia Cassani,Sampdoria Genua,Mattia Cassani Sampdoria Genua,2118,CASSANI,palermo,CASSANI palermo,True
213,448,34283,Lazaros Christodoulopoulos,Sampdoria Genua,Lazaros Christodoulopoulos Sampdoria Genua,5471,CHRISTODOULO,bologna,CHRISTODOULO bologna,True
214,450,44059,Ervin Zukanovic,Sampdoria Genua,Ervin Zukanovic Sampdoria Genua,7108,ZUKANOVIC E.,chievo,ZUKANOVIC E. chievo,True
215,451,44327,Andrea Ranocchia,Sampdoria Genua,Andrea Ranocchia Sampdoria Genua,4065,RANOCCHIA A.,bari,RANOCCHIA A. bari,True
216,452,5017,Niklas Moisander,Sampdoria Genua,Niklas Moisander Sampdoria Genua,7485,MOISANDER,sampdoria,MOISANDER sampdoria,True
220,461,123742,Gaston Ramirez,Sampdoria Genua,Gaston Ramirez Sampdoria Genua,4626,RAMIREZ G.,bologna,RAMIREZ G. bologna,True
222,463,146752,Gianluca Caprari,Sampdoria Genua,Gianluca Caprari Sampdoria Genua,5443,CAPRARI G.,pescara,CAPRARI G. pescara,True
225,468,22328,Fabio Quagliarella,Sampdoria Genua,Fabio Quagliarella Sampdoria Genua,1898,QUAGLIARELLA,ascoli,QUAGLIARELLA ascoli,True
226,469,225873,Karol Linetty,Sampdoria Genua,Karol Linetty Sampdoria Genua,7994,LINETTY K.,sampdoria,LINETTY K. sampdoria,True
227,470,226524,Morten Thorsby,Sampdoria Genua,Morten Thorsby Sampdoria Genua,9951,THORSBY M.,sampdoria,THORSBY M. sampdoria,True
229,473,256339,Emil Audero,Sampdoria Genua,Emil Audero Sampdoria Genua,7715,AUDERO E.,juventus,AUDERO E. juventus,True
231,475,284595,Tommaso Augello,Sampdoria Genua,Tommaso Augello Sampdoria Genua,9445,AUGELLO T.,sampdoria,AUGELLO T. sampdoria,True
232,476,287876,Antonino La Gumina,Sampdoria Genua,Antonino La Gumina Sampdoria Genua,7409,LA GUMINA A.,palermo,LA GUMINA A. palermo,True
233,477,303219,Julian Chabot,Sampdoria Genua,Julian Chabot Sampdoria Genua,9530,CHABOT J.,sampdoria,CHABOT J. sampdoria,True
234,478,319160,Jakub Jankto,Sampdoria Genua,Jakub Jankto Sampdoria Genua,7960,JANKTO J.,udinese,JANKTO J. udinese,True
235,479,324282,Fabio Depaoli,Sampdoria Genua,Fabio Depaoli Sampdoria Genua,7836,DEPAOLI F.,chievo,DEPAOLI F. chievo,True
236,480,348601,Mehdi Leris,Sampdoria Genua,Mehdi Leris Sampdoria Genua,8584,LERIS M.,chievo,LERIS M. chievo,True
239,485,81789,Maya Yoshida,Sampdoria Genua,Maya Yoshida Sampdoria Genua,9993,YOSHIDA M.,sampdoria,YOSHIDA M. sampdoria,True
240,486,99227,Andrea Bertolacci,Sampdoria Genua,Andrea Bertolacci Sampdoria Genua,4239,BERTOLACCI A,lecce,BERTOLACCI A lecce,True
241,491,159883,Ernesto Torregrossa,Sampdoria Genua,Ernesto Torregrossa Sampdoria Genua,9958,TORREGROSSA,brescia,TORREGROSSA brescia,True
243,507,540941,Mikkel Damsgaard,Sampdoria Genua,Mikkel Damsgaard Sampdoria Genua,10145,DAMSGAARD M.,sampdoria,DAMSGAARD M. sampdoria,True
245,509,574495,Kristoffer Askildsen,Sampdoria Genua,Kristoffer Askildsen Sampdoria Genua,9443,ASKILDSEN K.,sampdoria,ASKILDSEN K. sampdoria,True
246,513,129588,Dennis Praet,Sampdoria Genua,Dennis Praet Sampdoria Genua,8127,PRAET D.,sampdoria,PRAET D. sampdoria,True
247,516,19671,Daniel Pavlovic,Sampdoria Genua,Daniel Pavlovic Sampdoria Genua,7525,PAVLOVIC D.,frosinone,PAVLOVIC D. frosinone,True
248,518,204069,Milan Skriniar,Sampdoria Genua,Milan Skriniar Sampdoria Genua,7615,SKRINIAR M.,sampdoria,SKRINIAR M. sampdoria,True
251,525,318077,Lucas Torreira,Sampdoria Genua,Lucas Torreira Sampdoria Genua,8220,TORREIRA L.,sampdoria,TORREIRA L. sampdoria,True
252,527,46413,Ante Budimir,Sampdoria Genua,Ante Budimir Sampdoria Genua,7767,BUDIMIR A.,sampdoria,BUDIMIR A. sampdoria,True
256,542,208167,Dawid Kownacki,Sampdoria Genua,Dawid Kownacki Sampdoria Genua,8562,KOWNACKI D.,sampdoria,KOWNACKI D. sampdoria,True
257,546,260827,Joachim Andersen,Sampdoria Genua,Joachim Andersen Sampdoria Genua,8270,ANDERSEN J.,sampdoria,ANDERSEN J. sampdoria,True
259,548,315852,Mirko Antonucci,Sampdoria Genua,Mirko Antonucci Sampdoria Genua,9439,ANTONUCCI M.,roma,ANTONUCCI M. roma,True
263,563,163222,Gregoire Defrel,Sampdoria Genua,Gregoire Defrel Sampdoria Genua,6677,DEFREL G.,cesena,DEFREL G. cesena,True
267,577,88909,Riccardo Saponara,Sampdoria Genua,Riccardo Saponara Sampdoria Genua,6442,SAPONARA R.,milan,SAPONARA R. milan,True
272,600,52312,Sebastian Giovinco,Sampdoria Genua,Sebastian Giovinco Sampdoria Genua,2784,GIOVINCO,empoli,GIOVINCO empoli,True
277,621,102017,Jorginho,Ssc Neapel,Jorginho Ssc Neapel,6222,JORGINHO F.,napoli,JORGINHO F. napoli,True
278,623,126656,Faouzi Ghoulam,Ssc Neapel,Faouzi Ghoulam Ssc Neapel,6174,GHOULAM F.,napoli,GHOULAM F. napoli,True
281,626,15452,Raul Albiol,Ssc Neapel,Raul Albiol Ssc Neapel,5946,ALBIOL R.,napoli,ALBIOL R. napoli,True
282,627,19041,Gokhan Inler,Ssc Neapel,Gokhan Inler Ssc Neapel,2803,INLER,udinese,INLER udinese,True
284,629,278531,Sebastiano Luperto,Ssc Neapel,Sebastiano Luperto Ssc Neapel,9164,LUPERTO S.,napoli,LUPERTO S. napoli,True
286,631,35491,Mariano Andujar,Ssc Neapel,Mariano Andujar Ssc Neapel,1500,ANDUJAR,palermo,ANDUJAR palermo,True
287,632,37941,Camilo Zuniga,Ssc Neapel,Camilo Zuniga Ssc Neapel,3625,ZUNIGA C.,siena,ZUNIGA C. siena,True
288,633,38593,Marek Hamsik,Ssc Neapel,Marek Hamsik Ssc Neapel,2798,HAMSIK M.,napoli,HAMSIK M. napoli,True
289,634,39153,Gonzalo Higuain,Ssc Neapel,Gonzalo Higuain Ssc Neapel,6201,HIGUAIN G.,napoli,HIGUAIN G. napoli,True
290,636,52266,Walter Gargano,Ssc Neapel,Walter Gargano Ssc Neapel,2773,GARGANO,napoli,GARGANO napoli,True
292,638,56416,Dries Mertens,Ssc Neapel,Dries Mertens Ssc Neapel,6294,MERTENS D.,napoli,MERTENS D. napoli,True
293,639,61253,Jose Callejon,Ssc Neapel,Jose Callejon Ssc Neapel,6044,CALLEJON J.,napoli,CALLEJON J. napoli,True
294,640,70789,Michu,Ssc Neapel,Michu Ssc Neapel,6890,MICHU,napoli,MICHU napoli,True
297,646,123261,Vlad Chiriches,Ssc Neapel,Vlad Chiriches Ssc Neapel,7220,CHIRICHES V.,napoli,CHIRICHES V. napoli,True
298,647,126422,Allan,Ssc Neapel,Allan Ssc Neapel,5332,ALLAN M.,udinese,ALLAN M. udinese,True
300,661,124715,Nikola Maksimovic,Ssc Neapel,Nikola Maksimovic Ssc Neapel,6270,MAKSIMOVIC N,torino,MAKSIMOVIC N torino,True
301,664,126711,Kevin Malcuit,Ssc Neapel,Kevin Malcuit Ssc Neapel,9175,MALCUIT K.,napoli,MALCUIT K. napoli,True
303,667,169880,Giovanni Di Lorenzo,Ssc Neapel,Giovanni Di Lorenzo Ssc Neapel,9015,DI LORENZO G,empoli,DI LORENZO G empoli,True
304,668,181136,Piotr Zielinski,Ssc Neapel,Piotr Zielinski Ssc Neapel,5932,ZIELINSKI P.,udinese,ZIELINSKI P. udinese,True
307,673,316889,Hirving Lozano,Ssc Neapel,Hirving Lozano Ssc Neapel,9732,LOZANO H.,napoli,LOZANO H. napoli,True
310,676,400489,Eljif Elmas,Ssc Neapel,Eljif Elmas Ssc Neapel,9611,ELMAS E.,napoli,ELMAS E. napoli,True
311,679,73396,David Ospina,Ssc Neapel,David Ospina Ssc Neapel,9234,OSPINA D.,napoli,OSPINA D. napoli,True
312,680,87884,Mario Rui,Ssc Neapel,Mario Rui Ssc Neapel,6865,MARIO RUI,empoli,MARIO RUI empoli,True
313,682,96167,Amin Younes,Ssc Neapel,Amin Younes Ssc Neapel,9412,YOUNES A.,napoli,YOUNES A. napoli,True
315,691,199258,Andrea Petagna,Ssc Neapel,Andrea Petagna Ssc Neapel,6376,PETAGNA A.,milan,PETAGNA A. milan,True
316,694,257732,Amir Rrahmani,Ssc Neapel,Amir Rrahmani Ssc Neapel,9891,RRAHMANI A.,verona,RRAHMANI A. verona,True
317,698,401923,Victor Osimhen,Ssc Neapel,Victor Osimhen Ssc Neapel,10427,OSIMHEN V.,napoli,OSIMHEN V. napoli,True
320,724,84835,Emanuele Giaccherini,Ssc Neapel,Emanuele Giaccherini Ssc Neapel,4396,GIACCHERINI,cesena,GIACCHERINI cesena,True
322,752,16408,Orestis Karnezis,Ssc Neapel,Orestis Karnezis Ssc Neapel,6807,KARNEZIS O.,udinese,KARNEZIS O. udinese,True
323,761,400485,Adam Ounas,Ssc Neapel,Adam Ounas Ssc Neapel,8674,OUNAS A.,napoli,OUNAS A. napoli,True
325,776,192735,Stanislav Lobotka,Ssc Neapel,Stanislav Lobotka Ssc Neapel,9728,LOBOTKA S.,napoli,LOBOTKA S. napoli,True
330,805,128931,Giannis Fetfatzidis,Genua Cfc,Giannis Fetfatzidis Genua Cfc,6150,FETFATZIDIS,genoa,FETFATZIDIS genoa,True
331,806,149540,Zakarya Bergdich,Genua Cfc,Zakarya Bergdich Genua Cfc,6568,BERGDIC,genoa,BERGDIC genoa,True
332,807,157501,Mbaye Niang,Genua Cfc,Mbaye Niang Genua Cfc,5676,MBAYE I.,inter,MBAYE I. inter,True
333,808,167859,Stefano Sturaro,Genua Cfc,Stefano Sturaro Genua Cfc,6470,STURARO S.,genoa,STURARO S. genoa,True
334,809,169052,Edenilson,Genua Cfc,Edenilson Genua Cfc,6699,EDENILSON A.,genoa,EDENILSON A. genoa,True
338,813,34239,Aleandro Rosi,Genua Cfc,Aleandro Rosi Genua Cfc,8763,SANDRO R.,benevento,SANDRO R. benevento,True
342,819,59340,Iago Falque,Genua Cfc,Iago Falque Genua Cfc,6784,IAGO Falque,genoa,IAGO Falque genoa,True
343,820,61546,Facundo Roncaglia,Genua Cfc,Facundo Roncaglia Genua Cfc,5817,RONCAGLIA,fiorentina,RONCAGLIA fiorentina,True
345,823,74943,Juraj Kucka,Genua Cfc,Juraj Kucka Genua Cfc,4458,KUCKA J.,genoa,KUCKA J. genoa,True
346,825,85240,Eugenio Lamanna,Genua Cfc,Eugenio Lamanna Genua Cfc,6821,LAMANNA E.,genoa,LAMANNA E. genoa,True
347,826,96454,Maxime Lestienne,Genua Cfc,Maxime Lestienne Genua Cfc,6832,LESTIENNE,genoa,LESTIENNE genoa,True
348,829,111961,Suso,Genua Cfc,Suso Genua Cfc,7057,SUSO J.,milan,SUSO J. milan,True
349,830,12563,Goran Pandev,Genua Cfc,Goran Pandev Genua Cfc,817,PANDEV G.,ancona,PANDEV G. ancona,True
350,831,172181,Diogo Figueiras,Genua Cfc,Diogo Figueiras Genua Cfc,7312,FIGUEIRAS,genoa,FIGUEIRAS genoa,True
351,832,183494,Issa Cissokho,Genua Cfc,Issa Cissokho Genua Cfc,7227,CISSOKHO I.,genoa,CISSOKHO I. genoa,True
352,833,197745,Riccardo Fiamozzi,Genua Cfc,Riccardo Fiamozzi Genua Cfc,7311,FIAMOZZI R.,genoa,FIAMOZZI R. genoa,True
354,836,224088,Olivier Ntcham,Genua Cfc,Olivier Ntcham Genua Cfc,7507,NTCHAM O.,genoa,NTCHAM O. genoa,True
357,839,287648,Giuseppe Panico,Genua Cfc,Giuseppe Panico Genua Cfc,6941,PANICO,genoa,PANICO genoa,True
358,842,36293,Serge Gakpe,Genua Cfc,Serge Gakpe Genua Cfc,7327,GAKPÉ S.,atalanta,GAKPÉ S. atalanta,True
359,843,50303,Tim Matavz,Genua Cfc,Tim Matavz Genua Cfc,7460,MATAVZ T.,genoa,MATAVZ T. genoa,True
361,848,70411,Darko Lazovic,Genua Cfc,Darko Lazovic Genua Cfc,7416,LAZOVIC D.,genoa,LAZOVIC D. genoa,True
362,849,75127,Ezequiel Munoz,Genua Cfc,Ezequiel Munoz Genua Cfc,4546,MUNOZ E.,palermo,MUNOZ E. palermo,True
364,853,9967,Blerim Dzemaili,Genua Cfc,Blerim Dzemaili Genua Cfc,3273,DZEMAILI B.,torino,DZEMAILI B. torino,True
365,856,126673,Adama Soumaoro,Genua Cfc,Adama Soumaoro Genua Cfc,9929,SOUMAORO A.,genoa,SOUMAORO A. genoa,True
366,857,146889,Peter Ankersen,Genua Cfc,Peter Ankersen Genua Cfc,9437,ANKERSEN P.,genoa,ANKERSEN P. genoa,True
367,858,167105,Lukas Lerager,Genua Cfc,Lukas Lerager Genua Cfc,9151,LERAGER L.,genoa,LERAGER L. genoa,True
368,861,199927,Davide Biraschi,Genua Cfc,Davide Biraschi Genua Cfc,7751,BIRASCHI D.,genoa,BIRASCHI D. genoa,True
369,862,21905,Valon Behrami,Genua Cfc,Valon Behrami Genua Cfc,1527,BEHRAMI V.,lazio,BEHRAMI V. lazio,True
371,864,235412,Jawad El Yamiq,Genua Cfc,Jawad El Yamiq Genua Cfc,8464,EL YAMIQ J.,genoa,EL YAMIQ J. genoa,True
373,866,242813,Filip Jagiello,Genua Cfc,Filip Jagiello Genua Cfc,9678,JAGIELLO F.,genoa,JAGIELLO F. genoa,True
376,870,313477,Paolo Ghiglione,Genua Cfc,Paolo Ghiglione Genua Cfc,9070,GHIGLIONE P.,frosinone,GHIGLIONE P. frosinone,True
377,871,315865,Andrea Pinamonti,Genua Cfc,Andrea Pinamonti Genua Cfc,8708,PINAMONTI A.,inter,PINAMONTI A. inter,True
379,873,340151,Andrea Favilli,Genua Cfc,Andrea Favilli Genua Cfc,9050,FAVILLI A.,genoa,FAVILLI A. genoa,True
382,876,34784,Lasse Schone,Genua Cfc,Lasse Schone Genua Cfc,9907,SCHONE L.,genoa,SCHONE L. genoa,True
385,879,46105,Ivan Radovanovic,Genua Cfc,Ivan Radovanovic Genua Cfc,4060,RADOVANOVIC,atalanta,RADOVANOVIC atalanta,True
386,880,587458,Kevin Agudelo,Genua Cfc,Kevin Agudelo Genua Cfc,9427,AGUDELO K.,fiorentina,AGUDELO K. fiorentina,True
389,888,173859,Davide Zappacosta,Genua Cfc,Davide Zappacosta Genua Cfc,7104,ZAPPACOSTA D,atalanta,ZAPPACOSTA D atalanta,True
390,890,205940,Marko Pjaca,Genua Cfc,Marko Pjaca Genua Cfc,8121,PJACA M.,juventus,PJACA M. juventus,True
391,895,272638,Jerome Onguene,Genua Cfc,Jerome Onguene Genua Cfc,10425,ONGUENE J.,genoa,ONGUENE J. genoa,True
392,897,309393,Lennart Czyborra,Genua Cfc,Lennart Czyborra Genua Cfc,9555,CZYBORRA L.,atalanta,CZYBORRA L. atalanta,True
393,899,315862,Filippo Melegoni,Genua Cfc,Filippo Melegoni Genua Cfc,8632,MELEGONI F.,atalanta,MELEGONI F. atalanta,True
394,900,315867,Gianluca Scamacca,Genua Cfc,Gianluca Scamacca Genua Cfc,8768,SCAMACCA G.,sassuolo,SCAMACCA G. sassuolo,True
395,904,358166,Eldor Shomurodov,Genua Cfc,Eldor Shomurodov Genua Cfc,10554,SHOMURODOV E,genoa,SHOMURODOV E genoa,True
397,909,525704,Nicolo Rovella,Genua Cfc,Nicolo Rovella Genua Cfc,10523,ROVELLA N.,genoa,ROVELLA N. genoa,True
399,912,88683,Mattia Destro,Genua Cfc,Mattia Destro Genua Cfc,4341,DESTRO M.,genoa,DESTRO M. genoa,True
402,918,189441,Lucas Ocampos,Genua Cfc,Lucas Ocampos Genua Cfc,8075,OCAMPOS L.,genoa,OCAMPOS L. genoa,True
406,934,43848,Miguel Veloso,Genua Cfc,Miguel Veloso Genua Cfc,4716,VELOSO M.,genoa,VELOSO M. genoa,True
407,935,45287,Adel Taarabt,Genua Cfc,Adel Taarabt Genua Cfc,6471,TAARABT A.,milan,TAARABT A. milan,True
409,942,99327,Isaac Cofie,Genua Cfc,Isaac Cofie Genua Cfc,5476,COFIE I.,chievo,COFIE I. chievo,True
410,945,130394,Gianluca Lapadula,Genua Cfc,Gianluca Lapadula Genua Cfc,7986,LAPADULA G.,milan,LAPADULA G. milan,True
411,946,158810,Oscar Hiljemark,Genua Cfc,Oscar Hiljemark Genua Cfc,7368,HILJEMARK O.,palermo,HILJEMARK O. palermo,True
412,947,160471,Petar Brlek,Genua Cfc,Petar Brlek Genua Cfc,8341,BRLEK P.,genoa,BRLEK P. genoa,True
413,948,19104,Giuseppe Rossi,Genua Cfc,Giuseppe Rossi Genua Cfc,145,DE ROSSI D.,roma,DE ROSSI D. roma,True
414,949,193830,Iuri Medeiros,Genua Cfc,Iuri Medeiros Genua Cfc,8630,MEDEIROS I.,genoa,MEDEIROS I. genoa,True
415,954,28855,Raffaele Palladino,Genua Cfc,Raffaele Palladino Genua Cfc,1853,PALLADINO R.,livorno,PALLADINO R. livorno,True
416,958,342472,Stephane Omeonga,Genua Cfc,Stephane Omeonga Genua Cfc,8671,OMEONGA S.,genoa,OMEONGA S. genoa,True
420,966,67639,Andrey Galabinov,Genua Cfc,Andrey Galabinov Genua Cfc,8490,GALABINOV A.,genoa,GALABINOV A. genoa,True
421,970,115763,Koray Gunter,Genua Cfc,Koray Gunter Genua Cfc,9086,GUNTER K.,genoa,GUNTER K. genoa,True
422,971,121756,Romulo,Genua Cfc,Romulo Genua Cfc,5227,ROMULO O.,fiorentina,ROMULO O. fiorentina,True
423,974,140757,Daniel Bessa,Genua Cfc,Daniel Bessa Genua Cfc,8318,BESSA D.,genoa,BESSA D. genoa,True
424,980,226025,Luca Mazzitelli,Genua Cfc,Luca Mazzitelli Genua Cfc,8029,MAZZITELLI L,sassuolo,MAZZITELLI L sassuolo,True
426,984,327757,Krzysztof Piatek,Genua Cfc,Krzysztof Piatek Genua Cfc,9269,PIATEK K.,genoa,PIATEK K. genoa,True
427,988,399887,Esteban Rolon,Genua Cfc,Esteban Rolon Genua Cfc,9308,ROLON E.,genoa,ROLON E. genoa,True
428,993,512344,Jandrei,Genua Cfc,Jandrei Genua Cfc,9110,JANDREI C.,genoa,JANDREI C. genoa,True
431,1000,181382,Abdoulaye Toure,Genua Cfc,Abdoulaye Toure Genua Cfc,9446,AYE F.,brescia,AYE F. brescia,True
436,1008,313830,Pablo Galdames,Genua Cfc,Pablo Galdames Genua Cfc,2928,PABLO ALVARE,catania,PABLO ALVARE catania,True
438,1012,367284,Leo Ostigard,Genua Cfc,Leo Ostigard Genua Cfc,6392,POSTIGA,lazio,POSTIGA lazio,True
440,1017,459658,Andrea Cambiaso,Genua Cfc,Andrea Cambiaso Genua Cfc,1036,CAMBIASSO,inter,CAMBIASSO inter,True
444,1033,10255,Alexander Farnerud,Fc Turin,Alexander Farnerud Fc Turin,6144,FARNERUD,torino,FARNERUD torino,True
445,1035,125314,Pontus Jansson,Fc Turin,Pontus Jansson Fc Turin,6799,JANSSON P.,torino,JANSSON P. torino,True
446,1036,131098,Salvador Ichazo,Fc Turin,Salvador Ichazo Fc Turin,6788,ICHAZO S.,torino,ICHAZO S. torino,True
447,1037,148751,Bruno Peres,Fc Turin,Bruno Peres Fc Turin,7765,BRUNO A.,pescara,BRUNO A. pescara,True
449,1039,169249,Juan Sanchez Mino,Fc Turin,Juan Sanchez Mino Fc Turin,7020,SANCHEZ MINO,torino,SANCHEZ MINO torino,True
452,1042,22149,Jean Francois Gillet,Fc Turin,Jean Francois Gillet Fc Turin,3849,GILLET,bari,GILLET bari,True
456,1047,27807,Daniele Padelli,Fc Turin,Daniele Padelli Fc Turin,4010,PADELLI D.,bari,PADELLI D. bari,True
458,1049,33042,Migjen Basha,Fc Turin,Migjen Basha Fc Turin,5374,BASHA,torino,BASHA torino,True
459,1050,42345,Giuseppe Vives,Fc Turin,Giuseppe Vives Fc Turin,3606,VIVES G.,lecce,VIVES G. lecce,True
464,1055,6234,Amauri,Fc Turin,Amauri Fc Turin,484,AMAURI,chievo,AMAURI chievo,True
465,1056,73097,Omar El Kaddouri,Fc Turin,Omar El Kaddouri Fc Turin,5541,EL KADDOURI,napoli,EL KADDOURI napoli,True
466,1057,87463,Marcelo Larrondo,Fc Turin,Marcelo Larrondo Fc Turin,3908,LARRONDO,siena,LARRONDO siena,True
468,1066,167727,Andrea Belotti,Fc Turin,Andrea Belotti Fc Turin,6563,BELOTTI A.,palermo,BELOTTI A. palermo,True
469,1068,189452,Gaston Silva,Fc Turin,Gaston Silva Fc Turin,6739,GASTON SILVA,torino,GASTON SILVA torino,True
471,1077,45581,Joel Obi,Fc Turin,Joel Obi Fc Turin,2815,JOELSON I.,reggina,JOELSON I. reggina,True
472,1083,164913,Soualiho Meite,Fc Turin,Soualiho Meite Fc Turin,9196,MEITE S.,torino,MEITE S. torino,True
473,1085,183031,Koffi Djidji,Fc Turin,Koffi Djidji Fc Turin,9023,DJIDJI K.,torino,DJIDJI K. torino,True
475,1088,245056,Sasa Lukic,Fc Turin,Sasa Lukic Fc Turin,8003,LUKIC S.,torino,LUKIC S. torino,True
476,1092,338425,Alex Berenguer,Fc Turin,Alex Berenguer Fc Turin,8312,BERENGUER A.,torino,BERENGUER A. torino,True
477,1094,379807,Lyanco,Fc Turin,Lyanco Fc Turin,8602,LYANCO S.,torino,LYANCO S. torino,True
478,1095,390159,Vincenzo Millico,Fc Turin,Vincenzo Millico Fc Turin,9779,MILLICO V.,torino,MILLICO V. torino,True
480,1097,516716,Bremer,Fc Turin,Bremer Fc Turin,8929,BREMER G.,torino,BREMER G. torino,True
484,1103,96828,Simone Zaza,Fc Turin,Simone Zaza Fc Turin,3619,ZAZA S.,atalanta,ZAZA S. atalanta,True
486,1115,293210,Amer Gojak,Fc Turin,Amer Gojak Fc Turin,10240,GOJAK A.,torino,GOJAK A. torino,True
488,1118,336125,Mergim Vojvoda,Fc Turin,Mergim Vojvoda Fc Turin,10627,VOJVODA M.,torino,VOJVODA M. torino,True
489,1120,386446,Alessandro Buongiorno,Fc Turin,Alessandro Buongiorno Fc Turin,10079,BUONGIORNO A,torino,BUONGIORNO A torino,True
494,1145,255473,Samuel Gustafson,Fc Turin,Samuel Gustafson Fc Turin,7924,GUSTAFSON S.,torino,GUSTAFSON S. torino,True
496,1149,40204,Joe Hart,Fc Turin,Joe Hart Fc Turin,7931,HART J.,torino,HART J. torino,True
497,1156,69374,Adem Ljajic,Fc Turin,Adem Ljajic Fc Turin,3917,LJAJIC A.,fiorentina,LJAJIC A. fiorentina,True
499,1158,84903,Mirko Valdifiori,Fc Turin,Mirko Valdifiori Fc Turin,7077,VALDIFIORI M,empoli,VALDIFIORI M empoli,True
500,1165,247377,Kevin Bonifazi,Fc Turin,Kevin Bonifazi Fc Turin,8332,BONIFAZI K.,torino,BONIFAZI K. torino,True
501,1188,238981,Vittorio Parigini,Fc Turin,Vittorio Parigini Fc Turin,8091,PARIGINI V.,chievo,PARIGINI V. chievo,True
504,1231,392538,Tommaso Pobega,Fc Turin,Tommaso Pobega Fc Turin,10476,POBEGA T.,spezia,POBEGA T. spezia,True
507,1235,544149,David Zima,Fc Turin,David Zima Fc Turin,8254,ZIMA L.,genoa,ZIMA L. genoa,True
510,1249,185593,Nicolas Lopez,Hellas Verona,Nicolas Lopez Hellas Verona,5719,NICOLAS LOPE,roma,NICOLAS LOPE roma,True
513,1252,22673,Emil Hallfreesson,Hellas Verona,Emil Hallfreesson Hellas Verona,7927,HALLFREDSSON,udinese,HALLFREDSSON udinese,True
514,1253,244192,Pierluigi Gollini,Hellas Verona,Pierluigi Gollini Hellas Verona,6754,GOLLINI P.,verona,GOLLINI P. verona,True
516,1255,29311,Mounir Obbadi,Hellas Verona,Mounir Obbadi Hellas Verona,6926,OBBADI,verona,OBBADI verona,True
519,1259,38824,Davide Brivio,Hellas Verona,Davide Brivio Hellas Verona,2093,BRIVIO D.,fiorentina,BRIVIO D. fiorentina,True
521,1261,45717,Nene,Hellas Verona,Nene Hellas Verona,3998,NENE',cagliari,NENE' cagliari,True
524,1264,5980,Luca Toni,Hellas Verona,Luca Toni Hellas Verona,436,TONI,brescia,TONI brescia,True
525,1266,73048,Ivan Martic,Hellas Verona,Ivan Martic Hellas Verona,6868,MARTIC,verona,MARTIC verona,True
526,1267,7611,Javier Saviola,Hellas Verona,Javier Saviola Hellas Verona,7030,SAVIOLA,verona,SAVIOLA verona,True
527,1268,76902,Fernandinho,Hellas Verona,Fernandinho Hellas Verona,6723,FERNANDINHO,verona,FERNANDINHO verona,True
528,1270,91716,Frederik Sorensen,Hellas Verona,Frederik Sorensen Hellas Verona,4685,SORENSEN,juventus,SORENSEN juventus,True
531,1276,160986,Matteo Bianchetti,Hellas Verona,Matteo Bianchetti Hellas Verona,6007,BIANCHETTI M,verona,BIANCHETTI M verona,True
533,1279,187587,Ante Rebic,Hellas Verona,Ante Rebic Hellas Verona,6406,REBIC A.,fiorentina,REBIC A. fiorentina,True
534,1280,19447,Giampaolo Pazzini,Hellas Verona,Giampaolo Pazzini Hellas Verona,1338,PAZZINI G.,atalanta,PAZZINI G. atalanta,True
535,1282,198067,Filip Helander,Hellas Verona,Filip Helander Hellas Verona,7362,HELANDER F.,verona,HELANDER F. verona,True
536,1283,20586,Urby Emanuelson,Hellas Verona,Urby Emanuelson Hellas Verona,4363,EMANUELSON,milan,EMANUELSON milan,True
537,1286,255744,Samir,Hellas Verona,Samir Hellas Verona,7602,SAMIR,verona,SAMIR verona,True
539,1294,5974,Matuzalem,Hellas Verona,Matuzalem Hellas Verona,291,MATUZALEM,brescia,MATUZALEM brescia,True
540,1296,60599,Samuel Souprayen,Hellas Verona,Samuel Souprayen Hellas Verona,7619,SOUPRAYEN S.,verona,SOUPRAYEN S. verona,True
541,1298,86079,Luca Siligardi,Hellas Verona,Luca Siligardi Hellas Verona,4676,SILIGARDI L.,bologna,SILIGARDI L. bologna,True
544,1306,169179,Alan Empereur,Hellas Verona,Alan Empereur Hellas Verona,9612,EMPEREUR A.,verona,EMPEREUR A. verona,True
545,1307,193867,Liam Henderson,Hellas Verona,Liam Henderson Hellas Verona,9658,HENDERSON L.,verona,HENDERSON L. verona,True
546,1309,198116,Federico Dimarco,Hellas Verona,Federico Dimarco Hellas Verona,7846,DIMARCO F.,empoli,DIMARCO F. empoli,True
548,1311,210363,Mariusz Stepinski,Hellas Verona,Mariusz Stepinski Hellas Verona,8793,STEPINSKI M.,chievo,STEPINSKI M. chievo,True
549,1312,248732,Pawel Dawidowicz,Hellas Verona,Pawel Dawidowicz Hellas Verona,9565,DAWIDOWICZ P,verona,DAWIDOWICZ P verona,True
550,1316,287579,Sofyan Amrabat,Hellas Verona,Sofyan Amrabat Hellas Verona,9434,AMRABAT S.,verona,AMRABAT S. verona,True
551,1317,319171,Andrea Danzi,Hellas Verona,Andrea Danzi Hellas Verona,8421,DANZI A.,verona,DANZI A. verona,True
553,1319,337716,Claud Adjapong,Hellas Verona,Claud Adjapong Hellas Verona,7688,ADJAPONG C.,sassuolo,ADJAPONG C. sassuolo,True
554,1320,371371,Marash Kumbulla,Hellas Verona,Marash Kumbulla Hellas Verona,9705,KUMBULLA M.,verona,KUMBULLA M. verona,True
559,1328,73926,Davide Faraoni,Hellas Verona,Davide Faraoni Hellas Verona,4944,FARAONI D.,inter,FARAONI D. inter,True
561,1330,96754,Fabio Borini,Hellas Verona,Fabio Borini Hellas Verona,4818,BORINI F.,roma,BORINI F. roma,True
564,1335,157507,Adrien Tameze,Hellas Verona,Adrien Tameze Hellas Verona,9944,TAMEZE A.,atalanta,TAMEZE A. atalanta,True
565,1336,163639,Federico Ceccherini,Hellas Verona,Federico Ceccherini Hellas Verona,6065,CECCHERINI F,livorno,CECCHERINI F livorno,True
567,1343,290032,Kevin Ruegg,Hellas Verona,Kevin Ruegg Hellas Verona,10525,RUEGG K.,verona,RUEGG K. verona,True
570,1347,371013,Ivor Pandur,Hellas Verona,Ivor Pandur Hellas Verona,10439,PANDUR I.,verona,PANDUR I. verona,True
571,1348,391498,Mert Cetin,Hellas Verona,Mert Cetin Hellas Verona,9529,CETIN M.,roma,CETIN M. roma,True
574,1359,109598,Thomas Heurtaux,Hellas Verona,Thomas Heurtaux Hellas Verona,6777,HEURTAUX T.,udinese,HEURTAUX T. udinese,True
575,1360,110931,Marco Fossati,Hellas Verona,Marco Fossati Hellas Verona,8485,FOSSATI M.,verona,FOSSATI M. verona,True
577,1363,136091,Simone Calvano,Hellas Verona,Simone Calvano Hellas Verona,8358,CALVANO S.,verona,CALVANO S. verona,True
579,1367,167741,Mattia Valoti,Hellas Verona,Mattia Valoti Hellas Verona,7079,VALOTI M.,verona,VALOTI M. verona,True
580,1370,21748,Alessio Cerci,Hellas Verona,Alessio Cerci Hellas Verona,3205,CERCI A.,atalanta,CERCI A. atalanta,True
581,1371,239570,Deian Boldor,Hellas Verona,Deian Boldor Hellas Verona,8329,BOLDOR D.,verona,BOLDOR D. verona,True
587,1379,297731,Enrico Bearzotti,Hellas Verona,Enrico Bearzotti Hellas Verona,8302,BEARZOTTI E.,verona,BEARZOTTI E. verona,True
589,1382,46894,Jagos Vukovic,Hellas Verona,Jagos Vukovic Hellas Verona,8845,VUKOVIC J.,verona,VUKOVIC J. verona,True
590,1385,62713,Ryder Matos,Hellas Verona,Ryder Matos Hellas Verona,6287,MATOS R.,fiorentina,MATOS R. fiorentina,True
592,1387,74956,Marcel Buchel,Hellas Verona,Marcel Buchel Hellas Verona,7190,BUCHEL M.,empoli,BUCHEL M. empoli,True
598,1412,431698,Bosko Sutalo,Hellas Verona,Bosko Sutalo Hellas Verona,9939,SUTALO B.,atalanta,SUTALO B. atalanta,True
600,1430,104290,Alessandro Iacobucci,Parma Calcio 1913,Alessandro Iacobucci Parma Calcio 1913,6783,IACOBUCCI,parma,IACOBUCCI parma,True
601,1431,104466,Stefan Ristovski,Parma Calcio 1913,Stefan Ristovski Parma Calcio 1913,7002,RISTOVSKI,parma,RISTOVSKI parma,True
602,1432,111039,Ishak Belfodil,Parma Calcio 1913,Ishak Belfodil Parma Calcio 1913,4788,BELFODIL,bologna,BELFODIL bologna,True
603,1433,129386,Zouhair Feddal,Parma Calcio 1913,Zouhair Feddal Parma Calcio 1913,6717,FEDDAL,palermo,FEDDAL palermo,True
607,1438,216259,Lucas Souza,Parma Calcio 1913,Lucas Souza Parma Calcio 1913,6844,LUCAS SOUZA,parma,LUCAS SOUZA parma,True
609,1441,22203,Antonio Nocerino,Parma Calcio 1913,Antonio Nocerino Parma Calcio 1913,1844,NOCERINO,messina,NOCERINO messina,True
610,1442,22594,Daniele Galloppa,Parma Calcio 1913,Daniele Galloppa Parma Calcio 1913,2245,GALLOPPA,ascoli,GALLOPPA ascoli,True
611,1443,239941,Lukas Haraslin,Parma Calcio 1913,Lukas Haraslin Parma Calcio 1913,6773,HARASLIN L.,parma,HARASLIN L. parma,True
613,1445,28020,Massimo Gobbi,Parma Calcio 1913,Massimo Gobbi Parma Calcio 1913,1190,GOBBI M.,cagliari,GOBBI M. cagliari,True
621,1454,44709,Paolo De Ceglie,Parma Calcio 1913,Paolo De Ceglie Parma Calcio 1913,2701,DE CEGLIE P.,siena,DE CEGLIE P. siena,True
623,1456,56817,Fabiano Santacroce,Parma Calcio 1913,Fabiano Santacroce Parma Calcio 1913,3005,SANTACROCE,napoli,SANTACROCE napoli,True
625,1459,66280,Cristobal Jorquera,Parma Calcio 1913,Cristobal Jorquera Parma Calcio 1913,5023,JORQUERA,genoa,JORQUERA genoa,True
626,1460,72857,Pedro Mendes,Parma Calcio 1913,Pedro Mendes Parma Calcio 1913,6363,PEDRO MENDES,parma,PEDRO MENDES parma,True
628,1462,90118,Soufiane Bidaoui,Parma Calcio 1913,Soufiane Bidaoui Parma Calcio 1913,6577,BIDAOUI,parma,BIDAOUI parma,True
629,1463,131109,Gaston Brugman,Parma Calcio 1913,Gaston Brugman Parma Calcio 1913,7188,BRUGMAN G.,palermo,BRUGMAN G. palermo,True
630,1465,159337,Roberto Inglese,Parma Calcio 1913,Roberto Inglese Parma Calcio 1913,7377,INGLESE R.,chievo,INGLESE R. chievo,True
631,1466,163647,Kastriot Dermaku,Parma Calcio 1913,Kastriot Dermaku Parma Calcio 1913,9580,DERMAKU K.,parma,DERMAKU K. parma,True
632,1469,199274,Mattia Sprocati,Parma Calcio 1913,Mattia Sprocati Parma Calcio 1913,9358,SPROCATI M.,parma,SPROCATI M. parma,True
633,1470,203412,Andreas Cornelius,Parma Calcio 1913,Andreas Cornelius Parma Calcio 1913,8399,CORNELIUS A.,atalanta,CORNELIUS A. atalanta,True
635,1472,324804,Yann Karamoh,Parma Calcio 1913,Yann Karamoh Parma Calcio 1913,8554,KARAMOH Y.,inter,KARAMOH Y. inter,True
636,1473,33481,Gervinho,Parma Calcio 1913,Gervinho Parma Calcio 1913,6173,GERVINHO,roma,GERVINHO roma,True
639,1476,431755,Dejan Kulusevski,Parma Calcio 1913,Dejan Kulusevski Parma Calcio 1913,9137,KULUSEVSKI D,atalanta,KULUSEVSKI D atalanta,True
641,1481,85208,Matteo Scozzarella,Parma Calcio 1913,Matteo Scozzarella Parma Calcio 1913,5848,SCOZZARELLA,atalanta,SCOZZARELLA atalanta,True
642,1482,85825,Jasmin Kurtic,Parma Calcio 1913,Jasmin Kurtic Parma Calcio 1913,4459,KURTIC J.,palermo,KURTIC J. palermo,True
643,1484,94936,Vincent Laurini,Parma Calcio 1913,Vincent Laurini Parma Calcio 1913,6823,LAURINI V.,empoli,LAURINI V. empoli,True
645,1493,182889,Wylan Cyprien,Parma Calcio 1913,Wylan Cyprien Parma Calcio 1913,10138,CYPRIEN W.,parma,CYPRIEN W. parma,True
647,1501,358165,Yordan Osorio,Parma Calcio 1913,Yordan Osorio Parma Calcio 1913,10428,OSORIO Y.,parma,OSORIO Y. parma,True
649,1504,435648,Joshua Zirkzee,Parma Calcio 1913,Joshua Zirkzee Parma Calcio 1913,10648,ZIRKZEE J.,parma,ZIRKZEE J. parma,True
650,1505,466268,Juan Brunetta,Parma Calcio 1913,Juan Brunetta Parma Calcio 1913,10077,BRUNETTA J.,parma,BRUNETTA J. parma,True
651,1506,507486,Simon Sohm,Parma Calcio 1913,Simon Sohm Parma Calcio 1913,10568,SOHM S.,parma,SOHM S. parma,True
655,1518,159902,Amato Ciciretti,Parma Calcio 1913,Amato Ciciretti Parma Calcio 1913,8387,CICIRETTI A.,benevento,CICIRETTI A. benevento,True
658,1521,171159,Leo Stulac,Parma Calcio 1913,Leo Stulac Parma Calcio 1913,9365,STULAC L.,parma,STULAC L. parma,True
660,1531,320263,Abdou Diakhate,Parma Calcio 1913,Abdou Diakhate Parma Calcio 1913,7842,DIAKHATE A.,fiorentina,DIAKHATE A. fiorentina,True
661,1533,337670,Alessio Da Cruz,Parma Calcio 1913,Alessio Da Cruz Parma Calcio 1913,8989,DA CRUZ A.,parma,DA CRUZ A. parma,True
662,1534,35743,Fabio Ceravolo,Parma Calcio 1913,Fabio Ceravolo Parma Calcio 1913,1595,CERAVOLO F.,reggina,CERAVOLO F. reggina,True
663,1535,371436,Francisco Sierralta,Parma Calcio 1913,Francisco Sierralta Parma Calcio 1913,9341,SIERRALTA F.,parma,SIERRALTA F. parma,True
664,1537,43217,Pierluigi Frattali,Parma Calcio 1913,Pierluigi Frattali Parma Calcio 1913,9059,FRATTALI P.,parma,FRATTALI P. parma,True
668,1554,170838,Salih Ucan,As Rom,Salih Ucan As Rom,7074,UCAN,roma,UCAN roma,True
669,1555,18301,Maicon,As Rom,Maicon As Rom,2321,MAICON,inter,MAICON inter,True
670,1556,21876,Federico Balzaretti,As Rom,Federico Balzaretti As Rom,30,BALZARETTI,torino,BALZARETTI torino,True
672,1559,24977,Vasilios Torosidis,As Rom,Vasilios Torosidis As Rom,5894,TOROSIDIS V.,roma,TOROSIDIS V. roma,True
676,1566,44162,Miralem Pjanic,As Rom,Miralem Pjanic As Rom,5198,PJANIC M.,roma,PJANIC M. roma,True
678,1570,57480,Mapou Yanga Mbiwa,As Rom,Mapou Yanga Mbiwa As Rom,7099,YANGA MBIWA,roma,YANGA MBIWA roma,True
679,1571,5880,Morgan De Sanctis,As Rom,Morgan De Sanctis As Rom,146,DE SANCTIS,udinese,DE SANCTIS udinese,True
680,1572,5947,Daniele De Rossi,As Rom,Daniele De Rossi As Rom,145,DE ROSSI D.,roma,DE ROSSI D. roma,True
682,1577,87210,Davide Astori,As Rom,Davide Astori As Rom,3128,ASTORI D.,cagliari,ASTORI D. cagliari,True
686,1584,205054,Norbert Gyomber,As Rom,Norbert Gyomber As Rom,6191,GYOMBER N.,catania,GYOMBER N. catania,True
687,1586,28396,Edin Dzeko,As Rom,Edin Dzeko As Rom,7288,DZEKO E.,roma,DZEKO E. roma,True
689,1589,337715,Umar Sadiq,As Rom,Umar Sadiq As Rom,7598,SADIQ U.,roma,SADIQ U. roma,True
690,1591,44058,Wojciech Szczesny,As Rom,Wojciech Szczesny As Rom,7632,SZCZESNY W.,roma,SZCZESNY W. roma,True
691,1593,47893,William Vainqueur,As Rom,William Vainqueur As Rom,7650,VAINQUEUR W.,roma,VAINQUEUR W. roma,True
692,1603,86202,Antonio Rudiger,As Rom,Antonio Rudiger As Rom,7594,RUDIGER A.,roma,RUDIGER A. roma,True
693,1604,94529,Stephan El Shaarawy,As Rom,Stephan El Shaarawy As Rom,3812,EL SHAARAWY,genoa,EL SHAARAWY genoa,True
694,1608,103427,Chris Smalling,As Rom,Chris Smalling As Rom,9926,SMALLING C.,roma,SMALLING C. roma,True
696,1613,164771,Jordan Veretout,As Rom,Jordan Veretout As Rom,8834,VERETOUT J.,fiorentina,VERETOUT J. fiorentina,True
699,1618,282810,Carles Perez,As Rom,Carles Perez As Rom,6959,PEREZ,torino,PEREZ torino,True
701,1622,330659,Justin Kluivert,As Rom,Justin Kluivert As Rom,9128,KLUIVERT J.,roma,KLUIVERT J. roma,True
702,1623,341647,Cengiz Under,As Rom,Cengiz Under As Rom,8822,UNDER C.,roma,UNDER C. roma,True
703,1627,392085,Nicolo Zaniolo,As Rom,Nicolo Zaniolo As Rom,9415,ZANIOLO N.,roma,ZANIOLO N. roma,True
705,1629,45314,Federico Fazio,As Rom,Federico Fazio As Rom,7876,FAZIO F.,roma,FAZIO F. roma,True
706,1630,46156,Aleksandar Kolarov,As Rom,Aleksandar Kolarov As Rom,2827,KOLAROV A.,lazio,KOLAROV A. lazio,True
707,1631,524481,Roger Ibanez,As Rom,Roger Ibanez As Rom,9666,IBANEZ,roma,IBANEZ roma,True
708,1633,55215,Javier Pastore,As Rom,Javier Pastore As Rom,4026,PASTORE J.,palermo,PASTORE J. palermo,True
709,1634,55735,Henrikh Mkhitaryan,As Rom,Henrikh Mkhitaryan As Rom,9782,MKHITARYAN H,roma,MKHITARYAN H roma,True
711,1641,205006,Rick Karsdorp,As Rom,Rick Karsdorp As Rom,8555,KARSDORP R.,roma,KARSDORP R. roma,True
712,1648,298976,Borja Mayoral,As Rom,Borja Mayoral As Rom,10378,MAYORAL B.,roma,MAYORAL B. roma,True
714,1653,475208,Bryan Reynolds,As Rom,Bryan Reynolds As Rom,10504,REYNOLDS B.,roma,REYNOLDS B. roma,True
715,1666,15904,Thomas Vermaelen,As Rom,Thomas Vermaelen As Rom,8232,VERMAELEN T.,roma,VERMAELEN T. roma,True
716,1676,72479,Clement Grenier,As Rom,Clement Grenier As Rom,7923,GRENIER C.,roma,GRENIER C. roma,True
717,1681,105470,Alisson,As Rom,Alisson As Rom,8267,ALISSON R.,roma,ALISSON R. roma,True
719,1697,60542,Maxime Gonalons,As Rom,Maxime Gonalons As Rom,8510,GONALONS M.,roma,GONALONS M. roma,True
720,1716,57723,Ivan Marcano,As Rom,Ivan Marcano As Rom,9180,MARCANO I.,roma,MARCANO I. roma,True
722,1723,112465,Sergio Oliveira,As Rom,Sergio Oliveira As Rom,2389,OLIVEIRA Ric,milan,OLIVEIRA Ric milan,True
725,1736,439072,Matias Vina,As Rom,Matias Vina As Rom,1234,LEQUI Matias,lazio,LEQUI Matias lazio,True
727,1738,502821,Riccardo Calafiori,As Rom,Riccardo Calafiori As Rom,10085,CALAFIORI R.,roma,CALAFIORI R. roma,True
728,1740,550108,Nicola Zalewski,As Rom,Nicola Zalewski As Rom,10639,ZALEWSKI N.,roma,ZALEWSKI N. roma,True
729,1742,562049,Edoardo Bove,As Rom,Edoardo Bove As Rom,2465,SARDO G.,catania,SARDO G. catania,True
734,1756,124902,Khouma Babacar,Ac Florenz,Khouma Babacar Ac Florenz,3661,BABACAR K.,fiorentina,BABACAR K. fiorentina,True
735,1758,171307,Joshua Brillante,Ac Florenz,Joshua Brillante Ac Florenz,6599,BRILLANTE,empoli,BRILLANTE empoli,True
736,1759,197300,Federico Bernardeschi,Ac Florenz,Federico Bernardeschi Ac Florenz,6571,BERNARDESCHI,fiorentina,BERNARDESCHI fiorentina,True
738,1761,21490,Mounir El Hamdaoui,Ac Florenz,Mounir El Hamdaoui Ac Florenz,5540,EL HAMDAOUI,fiorentina,EL HAMDAOUI fiorentina,True
742,1765,32617,Micah Richards,Ac Florenz,Micah Richards Ac Florenz,6997,RICHARDS,fiorentina,RICHARDS fiorentina,True
744,1767,40372,Borja Valero,Ac Florenz,Borja Valero Ac Florenz,5903,VALERO BORJA,fiorentina,VALERO BORJA fiorentina,True
745,1769,47085,Nenad Tomović,Ac Florenz,Nenad Tomović Ac Florenz,4142,TOMOVIC N.,genoa,TOMOVIC N. genoa,True
747,1771,55997,Jose Maria Basanta,Ac Florenz,Jose Maria Basanta Ac Florenz,6555,BASANTA,fiorentina,BASANTA fiorentina,True
749,1773,5896,David Pizarro,Ac Florenz,David Pizarro Ac Florenz,366,PIZARRO,udinese,PIZARRO udinese,True
752,1776,7663,Joaquin,Ac Florenz,Joaquin Ac Florenz,6220,JOAQUIN,fiorentina,JOAQUIN fiorentina,True
753,1777,80351,Josip Ilicic,Ac Florenz,Josip Ilicic Ac Florenz,4430,ILICIC J.,palermo,ILICIC J. palermo,True
754,1779,91970,Juan Cuadrado,Ac Florenz,Juan Cuadrado Ac Florenz,3769,CUADRADO J.,udinese,CUADRADO J. udinese,True
755,1782,135747,Luca Lezzerini,Ac Florenz,Luca Lezzerini Ac Florenz,7421,LEZZERINI L.,fiorentina,LEZZERINI L. fiorentina,True
756,1783,141834,Cristian Tello,Ac Florenz,Cristian Tello Ac Florenz,1638,CRISTIANO Do,ascoli,CRISTIANO Do ascoli,True
757,1784,143812,Matias Vecino,Ac Florenz,Matias Vecino Ac Florenz,6490,VECINO M.,cagliari,VECINO M. cagliari,True
758,1787,231614,Gilberto,Ac Florenz,Gilberto Ac Florenz,7339,GILBERTO,fiorentina,GILBERTO fiorentina,True
759,1789,29835,Jakub Blaszczykowski,Ac Florenz,Jakub Blaszczykowski Ac Florenz,7172,BLASZCZYKOWS,fiorentina,BLASZCZYKOWS fiorentina,True
763,1804,208166,Bartlomiej Dragowski,Ac Florenz,Bartlomiej Dragowski Ac Florenz,7854,DRAGOWSKI B.,fiorentina,DRAGOWSKI B. fiorentina,True
764,1805,215616,Erick Pulgar,Ac Florenz,Erick Pulgar Ac Florenz,7561,PULGAR E.,bologna,PULGAR E. bologna,True
767,1808,265078,Patrick Cutrone,Ac Florenz,Patrick Cutrone Ac Florenz,8413,CUTRONE P.,milan,CUTRONE P. milan,True
768,1809,298975,Pol Lirola,Ac Florenz,Pol Lirola Ac Florenz,7995,LIROLA P.,sassuolo,LIROLA P. sassuolo,True
769,1810,303116,Gaetano Castrovilli,Ac Florenz,Gaetano Castrovilli Ac Florenz,9523,CASTROVILLI,fiorentina,CASTROVILLI fiorentina,True
771,1813,346561,Luca Ranieri,Ac Florenz,Luca Ranieri Ac Florenz,8729,RANIERI L.,fiorentina,RANIERI L. fiorentina,True
772,1814,357498,Dusan Vlahovic,Ac Florenz,Dusan Vlahovic Ac Florenz,9405,VLAHOVIC D.,fiorentina,VLAHOVIC D. fiorentina,True
774,1818,413507,Nikola Milenkovic,Ac Florenz,Nikola Milenkovic Ac Florenz,8638,MILENKOVIC N,fiorentina,MILENKOVIC N fiorentina,True
775,1820,451154,Federico Brancolini,Ac Florenz,Federico Brancolini Ac Florenz,9499,BRANCOLINI F,fiorentina,BRANCOLINI F fiorentina,True
776,1822,96254,Pietro Terracciano,Ac Florenz,Pietro Terracciano Ac Florenz,5279,TERRACCIANO,catania,TERRACCIANO catania,True
778,1838,373373,Lucas Martinez Quarta,Ac Florenz,Lucas Martinez Quarta Ac Florenz,10372,MARTINEZ QUA,fiorentina,MARTINEZ QUA fiorentina,True
781,1844,57280,Giacomo Bonaventura,Ac Florenz,Giacomo Bonaventura Ac Florenz,4815,BONAVENTURA,atalanta,BONAVENTURA atalanta,True
782,1852,188157,Sebastian Cristoforo,Ac Florenz,Sebastian Cristoforo Ac Florenz,7815,CRISTOFORO S,fiorentina,CRISTOFORO S fiorentina,True
784,1857,282076,Ianis Hagi,Ac Florenz,Ianis Hagi Ac Florenz,7926,HAGI I.,fiorentina,HAGI I. fiorentina,True
787,1872,149752,Vitor Hugo,Ac Florenz,Vitor Hugo Ac Florenz,8842,VITOR H.,fiorentina,VITOR H. fiorentina,True
788,1876,199976,Marco Sportiello,Ac Florenz,Marco Sportiello Ac Florenz,6462,SPORTIELLO M,atalanta,SPORTIELLO M atalanta,True
790,1882,329723,Gil Dias,Ac Florenz,Gil Dias Ac Florenz,8502,GIL DIAS B.,fiorentina,GIL DIAS B. fiorentina,True
791,1884,349719,Simone Lo Faso,Ac Florenz,Simone Lo Faso Ac Florenz,7997,LO FASO S.,palermo,LO FASO S. palermo,True
792,1885,354278,Rafik Zekhnini,Ac Florenz,Rafik Zekhnini Ac Florenz,8855,ZEKHNINI R.,fiorentina,ZEKHNINI R. fiorentina,True
796,1904,33639,Kevin Mirallas,Ac Florenz,Kevin Mirallas Ac Florenz,9204,MIRALLAS K.,fiorentina,MIRALLAS K. fiorentina,True
797,1907,357117,Alban Lafont,Ac Florenz,Alban Lafont Ac Florenz,9140,LAFONT A.,fiorentina,LAFONT A. fiorentina,True
798,1909,382774,Nicky Beloko,Ac Florenz,Nicky Beloko Ac Florenz,3365,KOSICKY,catania,KOSICKY catania,True
799,1911,404418,David Hancko,Ac Florenz,David Hancko Ac Florenz,9091,HANCKO D.,fiorentina,HANCKO D. fiorentina,True
800,1915,143559,Matija Nastasic,Ac Florenz,Matija Nastasic Ac Florenz,5137,NASTASIC,fiorentina,NASTASIC fiorentina,True
802,1924,324377,Youssef Maleh,Ac Florenz,Youssef Maleh Ac Florenz,7277,DIOUSSE A.,empoli,DIOUSSE A. empoli,True
804,1943,107958,Nicola Bellomo,Chievo Verona,Nicola Bellomo Chievo Verona,5994,BELLOMO,torino,BELLOMO torino,True
810,1952,28936,Riccardo Meggiorini,Chievo Verona,Riccardo Meggiorini Chievo Verona,3965,MEGGIORINI R,bari,MEGGIORINI R bari,True
811,1953,30853,Mariano Izco,Chievo Verona,Mariano Izco Chievo Verona,2282,IZCO M.,catania,IZCO M. catania,True
812,1954,37295,Perparim Hetemaj,Chievo Verona,Perparim Hetemaj Chievo Verona,4425,HETEMAJ P.,brescia,HETEMAJ P. brescia,True
814,1958,5928,Sergio Pellissier,Chievo Verona,Sergio Pellissier Chievo Verona,353,PELLISSIER S,chievo,PELLISSIER S chievo,True
816,1961,7797,Albano Bizzarri,Chievo Verona,Albano Bizzarri Chievo Verona,2602,BIZZARRI A.,catania,BIZZARRI A. catania,True
817,1962,88542,Ruben Botta,Chievo Verona,Ruben Botta Chievo Verona,6023,BOTTA,inter,BOTTA inter,True
818,1967,16893,Antonio Floro Flores,Chievo Verona,Antonio Floro Flores Chievo Verona,661,FLORO FLORES,sampdoria,FLORO FLORES sampdoria,True
824,1987,85380,Andrea Seculin,Chievo Verona,Andrea Seculin Chievo Verona,4105,SECULIN A.,fiorentina,SECULIN A. fiorentina,True
827,2005,393804,Sofian Kiyine,Chievo Verona,Sofian Kiyine Chievo Verona,9126,KIYINE S.,chievo,KIYINE S. chievo,True
828,2015,163683,Manuel Pucciarelli,Chievo Verona,Manuel Pucciarelli Chievo Verona,6980,PUCCIARELLI,empoli,PUCCIARELLI empoli,True
829,2018,205677,Luca Garritano,Chievo Verona,Luca Garritano Chievo Verona,5571,GARRITANO L.,inter,GARRITANO L. inter,True
830,2024,287600,Pawel Jaroszynski,Chievo Verona,Pawel Jaroszynski Chievo Verona,8547,JAROSZYNSKI,chievo,JAROSZYNSKI chievo,True
831,2031,462809,Christian Rutjens,Chievo Verona,Christian Rutjens Chievo Verona,6637,CHRISTIANSEN,chievo,CHRISTIANSEN chievo,True
833,2042,176485,Lucas Piazon,Chievo Verona,Lucas Piazon Chievo Verona,9271,PIAZON L.,chievo,PIAZON L. chievo,True
834,2048,287635,Assane Diousse,Chievo Verona,Assane Diousse Chievo Verona,7277,DIOUSSE A.,empoli,DIOUSSE A. empoli,True
837,2058,429318,Sergej Grubac,Chievo Verona,Sergej Grubac Chievo Verona,9084,GRUBAC S.,chievo,GRUBAC S. chievo,True
838,2065,606466,Mauro Burruchaga,Chievo Verona,Mauro Burruchaga Chievo Verona,8934,BURRUCHAGA M,chievo,BURRUCHAGA M chievo,True
841,2082,125251,Ivan Piris,Udinese Calcio,Ivan Piris Udinese Calcio,5769,PIRIS,roma,PIRIS roma,True
842,2084,129893,Molla Wague,Udinese Calcio,Molla Wague Udinese Calcio,7096,WAGUE M.,udinese,WAGUE M. udinese,True
843,2085,15981,Alex Geijo,Udinese Calcio,Alex Geijo Udinese Calcio,6742,GEIJO,udinese,GEIJO udinese,True
844,2087,168989,Silvan Widmer,Udinese Calcio,Silvan Widmer Udinese Calcio,6499,WIDMER S.,udinese,WIDMER S. udinese,True
845,2088,187090,Igor Bubnjic,Udinese Calcio,Igor Bubnjic Udinese Calcio,6032,BUBNJIC I.,udinese,BUBNJIC I. udinese,True
854,2100,6031,Antonio Di Natale,Udinese Calcio,Antonio Di Natale Udinese Calcio,158,DI NATALE A.,empoli,DI NATALE A. empoli,True
855,2101,6750,Maurizio Domizzi,Udinese Calcio,Maurizio Domizzi Udinese Calcio,636,DOMIZZI,modena,DOMIZZI modena,True
857,2115,25441,Zdravko Kuzmanovic,Udinese Calcio,Zdravko Kuzmanovic Udinese Calcio,2299,KUZMANOVIC Z,fiorentina,KUZMANOVIC Z fiorentina,True
858,2116,261611,Ali Adnan,Udinese Calcio,Ali Adnan Udinese Calcio,7115,ADNAN A.,udinese,ADNAN A. udinese,True
859,2119,40428,Manuel Iturra,Udinese Calcio,Manuel Iturra Udinese Calcio,7382,ITURRA,udinese,ITURRA udinese,True
862,2127,86926,Alexander Merkel,Udinese Calcio,Alexander Merkel Udinese Calcio,4522,MERKEL,milan,MERKEL milan,True
863,2128,104597,Bram Nuytinck,Udinese Calcio,Bram Nuytinck Udinese Calcio,8664,NUYTINCK B.,udinese,NUYTINCK B. udinese,True
864,2130,157849,Lukasz Teodorczyk,Udinese Calcio,Lukasz Teodorczyk Udinese Calcio,9372,TEODORCZYK L,udinese,TEODORCZYK L udinese,True
865,2131,182893,Seko Fofana,Udinese Calcio,Seko Fofana Udinese Calcio,7889,FOFANA S.,udinese,FOFANA S. udinese,True
866,2132,192875,William Troost Ekong,Udinese Calcio,William Troost Ekong Udinese Calcio,9382,TROOST-EKONG,udinese,TROOST-EKONG udinese,True
868,2134,252345,Ken Sema,Udinese Calcio,Ken Sema Udinese Calcio,9911,SEMA K.,udinese,SEMA K. udinese,True
870,2137,258519,Hidde Ter Avest,Udinese Calcio,Hidde Ter Avest Udinese Calcio,9373,TER AVEST H.,udinese,TER AVEST H. udinese,True
871,2138,283528,Ignacio Pussetto,Udinese Calcio,Ignacio Pussetto Udinese Calcio,9285,PUSSETTO I.,udinese,PUSSETTO I. udinese,True
873,2142,410158,Rodrigo Becao,Udinese Calcio,Rodrigo Becao Udinese Calcio,9879,RODRIGO BECA,udinese,RODRIGO BECA udinese,True
874,2143,47513,Mato Jajalo,Udinese Calcio,Mato Jajalo Udinese Calcio,3878,JAJALO M.,siena,JAJALO M. siena,True
875,2144,54581,Ilija Nestorovski,Udinese Calcio,Ilija Nestorovski Udinese Calcio,8068,NESTOROVSKI,palermo,NESTOROVSKI palermo,True
877,2147,92899,Marvin Zeegelaar,Udinese Calcio,Marvin Zeegelaar Udinese Calcio,9419,ZEEGELAAR M.,udinese,ZEEGELAAR M. udinese,True
878,2149,112302,Roberto Pereyra,Udinese Calcio,Roberto Pereyra Udinese Calcio,5762,PEREYRA R.,udinese,PEREYRA R. udinese,True
879,2150,129476,Gerard Deulofeu,Udinese Calcio,Gerard Deulofeu Udinese Calcio,7839,DEULOFEU G.,milan,DEULOFEU G. milan,True
880,2152,241477,Thomas Ouwejan,Udinese Calcio,Thomas Ouwejan Udinese Calcio,10432,OUWEJAN T.,udinese,OUWEJAN T. udinese,True
881,2159,322305,Jean Victor Makengo,Udinese Calcio,Jean Victor Makengo Udinese Calcio,10350,MAKENGO J.,udinese,MAKENGO J. udinese,True
885,2167,53536,Tolgay Arslan,Udinese Calcio,Tolgay Arslan Udinese Calcio,10024,ARSLAN T.,udinese,ARSLAN T. udinese,True
886,2181,238993,Simone Scuffet,Udinese Calcio,Simone Scuffet Udinese Calcio,6450,SCUFFET S.,udinese,SCUFFET S. udinese,True
887,2187,288499,Ewandro Costa,Udinese Calcio,Ewandro Costa Udinese Calcio,7870,EWANDRO,udinese,EWANDRO udinese,True
888,2189,316111,Andrija Balic,Udinese Calcio,Andrija Balic Udinese Calcio,7722,BALIC A.,udinese,BALIC A. udinese,True
889,2192,42735,Sven Kums,Udinese Calcio,Sven Kums Udinese Calcio,7983,KUMS S.,udinese,KUMS S. udinese,True
892,2216,321079,Svante Ingelsson,Udinese Calcio,Svante Ingelsson Udinese Calcio,8540,INGELSSON S.,udinese,INGELSSON S. udinese,True
896,2243,467599,Ben Wilmot,Udinese Calcio,Ben Wilmot Udinese Calcio,9411,WILMOT B.,udinese,WILMOT B. udinese,True
898,2253,210178,Pablo Mari,Udinese Calcio,Pablo Mari Udinese Calcio,2928,PABLO ALVARE,catania,PABLO ALVARE catania,True
900,2263,491693,Nehuen Perez,Udinese Calcio,Nehuen Perez Udinese Calcio,6959,PEREZ,torino,PEREZ torino,True
902,2266,556385,Destiny Udogie,Udinese Calcio,Destiny Udogie Udinese Calcio,10605,UDOGIE D.,verona,UDOGIE D. verona,True
904,2286,15185,Lukas Podolski,Inter Mailand,Lukas Podolski Inter Mailand,6974,PODOLSKI,inter,PODOLSKI inter,True
905,2287,156617,Marcelo Brozovic,Inter Mailand,Marcelo Brozovic Inter Mailand,6604,BROZOVIC M.,inter,BROZOVIC M. inter,True
906,2288,19726,Nemanja Vidic Lrm ,Inter Mailand,Nemanja Vidic Lrm  Inter Mailand,7089,VIDIC,inter,VIDIC inter,True
907,2289,21782,Hugo Campagnaro,Inter Mailand,Hugo Campagnaro Inter Mailand,79,CAMPAGNARO H,piacenza,CAMPAGNARO H piacenza,True
908,2290,240197,Isaac Donkor,Inter Mailand,Isaac Donkor Inter Mailand,6693,DONKOR I.,inter,DONKOR I. inter,True
910,2293,285920,Gaston Camara,Inter Mailand,Gaston Camara Inter Mailand,6739,GASTON SILVA,torino,GASTON SILVA torino,True
911,2294,37389,Daniel Osvaldo,Inter Mailand,Daniel Osvaldo Inter Mailand,2927,OSVALDO,fiorentina,OSVALDO fiorentina,True
912,2295,39090,Fredy Guarin,Inter Mailand,Fredy Guarin Inter Mailand,5000,GUARIN,inter,GUARIN inter,True
914,2299,51471,Mateo Kovacic,Inter Mailand,Mateo Kovacic Inter Mailand,5620,KOVACIC M.,inter,KOVACIC M. inter,True
915,2300,52897,Hernanes,Inter Mailand,Hernanes Inter Mailand,4424,HERNANES,lazio,HERNANES lazio,True
918,2303,60889,Gary Medel,Inter Mailand,Gary Medel Inter Mailand,6882,MEDEL G.,inter,MEDEL G. inter,True
920,2305,79522,Yuto Nagatomo,Inter Mailand,Yuto Nagatomo Inter Mailand,4551,NAGATOMO Y.,cesena,NAGATOMO Y. cesena,True
921,2307,86792,Xherdan Shaqiri,Inter Mailand,Xherdan Shaqiri Inter Mailand,7036,SHAQIRI,inter,SHAQIRI inter,True
922,2309,127189,Geoffrey Kondogbia,Inter Mailand,Geoffrey Kondogbia Inter Mailand,7398,KONDOGBIA G.,inter,KONDOGBIA G. inter,True
923,2310,131102,Jeison Murillo,Inter Mailand,Jeison Murillo Inter Mailand,7501,MURILLO J.,inter,MURILLO J. inter,True
924,2312,255755,Alex Telles,Inter Mailand,Alex Telles Inter Mailand,7636,TELLES,inter,TELLES inter,True
929,2321,42460,Ivan Perisic,Inter Mailand,Ivan Perisic Inter Mailand,7539,PERISIC I.,inter,PERISIC I. inter,True
930,2323,46104,Stevan Jovetic,Inter Mailand,Stevan Jovetic Inter Mailand,3350,JOVETIC S.,fiorentina,JOVETIC S. fiorentina,True
931,2333,14086,Ashley Young,Inter Mailand,Ashley Young Inter Mailand,9995,YOUNG A.,inter,YOUNG A. inter,True
935,2350,569384,Lucien Agoume,Inter Mailand,Lucien Agoume Inter Mailand,9426,AGOUME L.,inter,AGOUME L. inter,True
937,2366,37666,Arturo Vidal,Inter Mailand,Arturo Vidal Inter Mailand,3656,ARTUR,roma,ARTUR roma,True
938,2367,398073,Achraf Hakimi,Inter Mailand,Achraf Hakimi Inter Mailand,10252,HAKIMI A.,inter,HAKIMI A. inter,True
940,2384,12249,Ever Banega,Inter Mailand,Ever Banega Inter Mailand,7724,BANEGA E.,inter,BANEGA E. inter,True
941,2387,145840,Trent Sainsbury,Inter Mailand,Trent Sainsbury Inter Mailand,8161,SAINSBURY T.,inter,SAINSBURY T. inter,True
942,2388,149729,Joao Mario,Inter Mailand,Joao Mario Inter Mailand,7962,JOAO MARIO,inter,JOAO MARIO inter,True
943,2391,244275,Gabriel Barbosa,Inter Mailand,Gabriel Barbosa Inter Mailand,6162,GABRIEL V.,milan,GABRIEL V. milan,True
944,2395,351506,Josh Perez,Inter Mailand,Josh Perez Inter Mailand,6959,PEREZ,torino,PEREZ torino,True
947,2443,76061,Sime Vrsaljko,Inter Mailand,Sime Vrsaljko Inter Mailand,6496,VRSALJKO S.,genoa,VRSALJKO S. genoa,True
948,2447,126414,Hakan Calhanoglu,Inter Mailand,Hakan Calhanoglu Inter Mailand,8355,CALHANOGLU H,milan,CALHANOGLU H milan,True
950,2485,163690,Franco Signorelli,Fc Empoli,Franco Signorelli Fc Empoli,7037,SIGNORELLI F,empoli,SIGNORELLI F empoli,True
954,2492,3713,Massimo Maccarone,Fc Empoli,Massimo Maccarone Fc Empoli,1246,MACCARONE M.,parma,MACCARONE M. parma,True
956,2494,56912,Levan Mchedlidze,Fc Empoli,Levan Mchedlidze Fc Empoli,3424,MCHEDLIDZE L,palermo,MCHEDLIDZE L palermo,True
958,2502,140559,Raffaele Maiello,Fc Empoli,Raffaele Maiello Fc Empoli,4493,MAIELLO R.,napoli,MAIELLO R. napoli,True
960,2510,22285,Maurizio Pugliesi,Fc Empoli,Maurizio Pugliesi Fc Empoli,6982,PUGLIESI M.,empoli,PUGLIESI M. empoli,True
962,2513,259953,Rade Krunic,Fc Empoli,Rade Krunic Fc Empoli,7405,KRUNIC R.,empoli,KRUNIC R. empoli,True
963,2514,28031,Marco Zambelli,Fc Empoli,Marco Zambelli Fc Empoli,1458,ZAMBELLI M.,brescia,ZAMBELLI M. brescia,True
965,2520,62716,Michele Camporese,Fc Empoli,Michele Camporese Fc Empoli,4274,CAMPORESE,fiorentina,CAMPORESE fiorentina,True
966,2522,80894,Lukasz Skorupski,Fc Empoli,Lukasz Skorupski Fc Empoli,6458,SKORUPSKI L.,roma,SKORUPSKI L. roma,True
970,2529,95438,Marko Livaja,Fc Empoli,Marko Livaja Fc Empoli,5054,LIVAJA M.,cesena,LIVAJA M. cesena,True
971,2530,111433,Frederic Veseli,Fc Empoli,Frederic Veseli Fc Empoli,8234,VESELI F.,empoli,VESELI F. empoli,True
975,2549,61786,Guido Marilungo,Fc Empoli,Guido Marilungo Fc Empoli,3414,MARILUNGO G.,sampdoria,MARILUNGO G. sampdoria,True
976,2558,147031,Joel Untersee,Fc Empoli,Joel Untersee Fc Empoli,9386,UNTERSEE J.,empoli,UNTERSEE J. empoli,True
978,2564,197929,Ivan Provedel,Fc Empoli,Ivan Provedel Fc Empoli,9282,PROVEDEL I.,empoli,PROVEDEL I. empoli,True
982,2571,243225,Samuel Mraz,Fc Empoli,Samuel Mraz Fc Empoli,390,SAMUEL,roma,SAMUEL roma,True
983,2573,283233,Jacob Rasmussen,Fc Empoli,Jacob Rasmussen Fc Empoli,9294,RASMUSSEN J.,empoli,RASMUSSEN J. empoli,True
984,2575,292772,Dimitrios Nikolaou,Fc Empoli,Dimitrios Nikolaou Fc Empoli,9221,NIKOLAOU D.,empoli,NIKOLAOU D. empoli,True
985,2576,351816,Ismael Bennacer,Fc Empoli,Ismael Bennacer Fc Empoli,8905,BENNACER I.,empoli,BENNACER I. empoli,True
988,2586,134983,Andrea La Mantia,Fc Empoli,Andrea La Mantia Fc Empoli,9710,LA MANTIA A.,lecce,LA MANTIA A. lecce,True
989,2588,183841,Petar Stojanovic,Fc Empoli,Petar Stojanovic Fc Empoli,5877,STOJANOVIC D,bologna,STOJANOVIC D bologna,True
992,2597,297645,Riccardo Marchizza,Fc Empoli,Riccardo Marchizza Fc Empoli,10366,MARCHIZZA R.,spezia,MARCHIZZA R. spezia,True
993,2599,38607,Federico Di Francesco,Fc Empoli,Federico Di Francesco Fc Empoli,155,DI FRANCESCO,piacenza,DI FRANCESCO piacenza,True
994,2601,390177,Nedim Bajrami,Fc Empoli,Nedim Bajrami Fc Empoli,6403,RAMI,milan,RAMI milan,True
995,2602,435228,Ardian Ismajli,Fc Empoli,Ardian Ismajli Fc Empoli,10277,ISMAJLI A.,spezia,ISMAJLI A. spezia,True
996,2603,467992,Samuele Ricci,Fc Empoli,Samuele Ricci Fc Empoli,390,SAMUEL,roma,SAMUEL roma,True
1002,2615,139173,Achraf Lazaar,Palermo Fc,Achraf Lazaar Palermo Fc,6826,LAZAAR A.,palermo,LAZAAR A. palermo,True
1003,2617,16651,Enzo Maresca,Palermo Fc,Enzo Maresca Palermo Fc,284,MARESCA E.,piacenza,MARESCA E. piacenza,True
1005,2621,206050,Paulo Dybala,Palermo Fc,Paulo Dybala Palermo Fc,5534,DYBALA P.,palermo,DYBALA P. palermo,True
1006,2622,206542,Robin Quaison,Palermo Fc,Robin Quaison Palermo Fc,6986,QUAISON R.,palermo,QUAISON R. palermo,True
1007,2625,22217,Roberto Vitiello,Palermo Fc,Roberto Vitiello Palermo Fc,5305,VITIELLO R.,siena,VITIELLO R. siena,True
1008,2626,244927,Accursio Bentivegna,Palermo Fc,Accursio Bentivegna Palermo Fc,7742,BENTIVEGNA A,palermo,BENTIVEGNA A palermo,True
1009,2627,252767,Ivaylo Chochev,Palermo Fc,Ivaylo Chochev Palermo Fc,6636,CHOCHEV I.,palermo,CHOCHEV I. palermo,True
1010,2629,28984,Sol Bamba,Palermo Fc,Sol Bamba Palermo Fc,6548,BAMBA,palermo,BAMBA palermo,True
1011,2632,47544,Michel Morganella,Palermo Fc,Michel Morganella Palermo Fc,3444,MORGANELLA M,palermo,MORGANELLA M palermo,True
1013,2634,55385,Granddi Ngoyi,Palermo Fc,Granddi Ngoyi Palermo Fc,6918,NGOYI,palermo,NGOYI palermo,True
1014,2635,56889,Francesco Della Rocca,Palermo Fc,Francesco Della Rocca Palermo Fc,151,DELLA ROCCA,bologna,DELLA ROCCA bologna,True
1015,2636,66109,Fabio Daprela,Palermo Fc,Fabio Daprela Palermo Fc,4327,DAPRELA F.,brescia,DAPRELA F. brescia,True
1016,2637,74448,Andrea Rispoli,Palermo Fc,Andrea Rispoli Palermo Fc,4637,RISPOLI A.,lecce,RISPOLI A. lecce,True
1017,2639,76163,Franco Vazquez,Palermo Fc,Franco Vazquez Palermo Fc,5300,VAZQUEZ,palermo,VAZQUEZ palermo,True
1018,2640,84622,Sinisa Andjelkovic,Palermo Fc,Sinisa Andjelkovic Palermo Fc,4198,ANDELKOVIC S,palermo,ANDELKOVIC S palermo,True
1019,2641,108119,Aljaz Struna,Palermo Fc,Aljaz Struna Palermo Fc,7626,STRUNA A.,palermo,STRUNA A. palermo,True
1020,2645,142920,Aleksandar Trajkovski,Palermo Fc,Aleksandar Trajkovski Palermo Fc,7647,TRAJKOVSKI A,palermo,TRAJKOVSKI A palermo,True
1021,2648,190804,Uros Djurdjevic,Palermo Fc,Uros Djurdjevic Palermo Fc,7280,DJURDJEVIC,palermo,DJURDJEVIC palermo,True
1022,2656,287871,Fabrizio Alastra,Palermo Fc,Fabrizio Alastra Palermo Fc,7119,ALASTRA,palermo,ALASTRA palermo,True
1025,2673,230166,Haitam Aleesami,Palermo Fc,Haitam Aleesami Palermo Fc,7694,ALEESAMI H.,palermo,ALEESAMI H. palermo,True
1026,2674,231381,Andrea Fulignati,Palermo Fc,Andrea Fulignati Palermo Fc,7893,FULIGNATI A.,palermo,FULIGNATI A. palermo,True
1027,2679,255322,Josip Posavec,Palermo Fc,Josip Posavec Palermo Fc,7555,POSAVEC J.,palermo,POSAVEC J. palermo,True
1028,2680,275682,Carlos Embalo,Palermo Fc,Carlos Embalo Palermo Fc,7866,EMBALO C.,palermo,EMBALO C. palermo,True
1033,2688,35934,Slobodan Rajkovic,Palermo Fc,Slobodan Rajkovic Palermo Fc,8139,RAJKOVIC S.,palermo,RAJKOVIC S. palermo,True
1034,2699,147034,Marco Van Ginkel,Ac Mailand,Marco Van Ginkel Ac Mailand,7081,VAN GINKEL,milan,VAN GINKEL milan,True
1035,2700,15420,Alex,Ac Mailand,Alex Ac Mailand,6522,ALEX,milan,ALEX milan,True
1037,2702,16993,Jeremy Menez,Ac Mailand,Jeremy Menez Ac Mailand,3969,MENEZ,roma,MENEZ roma,True
1038,2703,17129,Sulley Muntari,Ac Mailand,Sulley Muntari Ac Mailand,314,MUNTARI S.,udinese,MUNTARI S. udinese,True
1039,2704,19446,Riccardo Montolivo,Ac Mailand,Riccardo Montolivo Ac Mailand,1294,MONTOLIVO R.,atalanta,MONTOLIVO R. atalanta,True
1044,2713,34370,Diego Lopez,Ac Mailand,Diego Lopez Ac Mailand,6687,DIEGO LOPEZ,milan,DIEGO LOPEZ milan,True
1046,2716,44834,Andrea Poli,Ac Mailand,Andrea Poli Ac Mailand,574,CODREA P.,perugia,CODREA P. perugia,True
1047,2717,4672,Nigel De Jong,Ac Mailand,Nigel De Jong Ac Mailand,5503,DE JONG,milan,DE JONG milan,True
1049,2719,5422,Philippe Mexes,Ac Mailand,Philippe Mexes Ac Mailand,1283,MEXES,roma,MEXES roma,True
1050,2720,5588,Michael Essien,Ac Mailand,Michael Essien Ac Mailand,6139,ESSIEN,milan,ESSIEN milan,True
1051,2722,5856,Daniele Bonera,Ac Mailand,Daniele Bonera Ac Mailand,61,BONERA,parma,BONERA parma,True
1052,2723,5993,Cristian Zaccardo,Ac Mailand,Cristian Zaccardo Ac Mailand,458,ZACCARDO,bologna,ZACCARDO bologna,True
1053,2724,66521,Keisuke Honda,Ac Mailand,Keisuke Honda Ac Mailand,6202,HONDA K.,milan,HONDA K. milan,True
1054,2726,88682,Mattia De Sciglio,Ac Mailand,Mattia De Sciglio Ac Mailand,4907,DE SCIGLIO M,milan,DE SCIGLIO M milan,True
1056,2733,16922,Kevin Prince Boateng,Ac Mailand,Kevin Prince Boateng Ac Mailand,4247,BOATENG K.,milan,BOATENG K. milan,True
1057,2735,176140,Rodrigo Ely,Ac Mailand,Rodrigo Ely Ac Mailand,9879,RODRIGO BECA,udinese,RODRIGO BECA udinese,True
1060,2746,45146,Mario Balotelli,Ac Mailand,Mario Balotelli Ac Mailand,2575,BALOTELLI M.,inter,BALOTELLI M. inter,True
1064,2770,312678,Leo Duarte,Ac Mailand,Leo Duarte Ac Mailand,9601,DUARTE L.,milan,DUARTE L. milan,True
1069,2778,444523,Lucas Paqueta,Ac Mailand,Lucas Paqueta Ac Mailand,9244,PAQUETA L.,milan,PAQUETA L. milan,True
1070,2780,48859,Simon Kjaer,Ac Mailand,Simon Kjaer Ac Mailand,3360,KJAER S.,palermo,KJAER S. palermo,True
1073,2795,34572,Mario Mandzukic,Ac Mailand,Mario Mandzukic Ac Mailand,7444,MANDZUKIC M.,juventus,MANDZUKIC M. juventus,True
1074,2797,357147,Diogo Dalot,Ac Mailand,Diogo Dalot Ac Mailand,10144,DALOT D.,milan,DALOT D. milan,True
1075,2799,381950,Alexis Saelemaekers,Ac Mailand,Alexis Saelemaekers Ac Mailand,9896,SAELEMAEKERS,milan,SAELEMAEKERS milan,True
1077,2801,422355,Jens Petter Hauge,Ac Mailand,Jens Petter Hauge Ac Mailand,10256,HAUGE J.,milan,HAUGE J. milan,True
1078,2802,459128,Marco Brescianini,Ac Mailand,Marco Brescianini Ac Mailand,65,BRESCIANO M.,parma,BRESCIANO M. parma,True
1082,2822,55895,Leonel Vangioni,Ac Mailand,Leonel Vangioni Ac Mailand,8227,VANGIONI L.,milan,VANGIONI L. milan,True
1084,2840,315870,Emanuele Torrasi,Ac Mailand,Emanuele Torrasi Ac Mailand,4363,EMANUELSON,milan,EMANUELSON milan,True
1090,2897,585949,Pierre Kalulu,Ac Mailand,Pierre Kalulu Ac Mailand,10287,KALULU P.,milan,KALULU P. milan,True
1092,2913,122153,Paul Pogba,Juventus Turin,Paul Pogba Juventus Turin,5777,POGBA,juventus,POGBA juventus,True
1093,2914,128223,Alvaro Morata,Juventus Turin,Alvaro Morata Juventus Turin,6900,MORATA A.,juventus,MORATA A. juventus,True
1094,2915,243714,Kingsley Coman,Juventus Turin,Kingsley Coman Juventus Turin,9692,KINGSLEY M.,bologna,KINGSLEY M. bologna,True
1095,2916,2865,Stephan Lichtsteiner,Juventus Turin,Stephan Lichtsteiner Juventus Turin,3382,LICHTSTEINER,lazio,LICHTSTEINER lazio,True
1097,2921,4276,Carlos Tevez,Juventus Turin,Carlos Tevez Juventus Turin,6478,TEVEZ,juventus,TEVEZ juventus,True
1098,2922,44716,Claudio Marchisio,Juventus Turin,Claudio Marchisio Juventus Turin,2872,MARCHISIO C.,empoli,MARCHISIO C. empoli,True
1100,2924,5023,Gianluigi Buffon,Juventus Turin,Gianluigi Buffon Juventus Turin,71,BUFFON G.,juventus,BUFFON G. juventus,True
1102,2929,5817,Andrea Pirlo,Juventus Turin,Andrea Pirlo Juventus Turin,364,PIRLO,milan,PIRLO milan,True
1103,2931,7109,Andrea Barzagli,Juventus Turin,Andrea Barzagli Juventus Turin,505,BARZAGLI A.,chievo,BARZAGLI A. chievo,True
1104,2937,170934,Mario Lemina,Juventus Turin,Mario Lemina Juventus Turin,7419,LEMINA M.,juventus,LEMINA M. juventus,True
1105,2941,29401,Sami Khedira,Juventus Turin,Sami Khedira Juventus Turin,7395,KHEDIRA S.,juventus,KHEDIRA S. juventus,True
1106,2953,79960,Alex Sandro,Juventus Turin,Alex Sandro Juventus Turin,7123,ALEX SANDRO,juventus,ALEX SANDRO juventus,True
1107,2958,182913,Adrien Rabiot,Juventus Turin,Adrien Rabiot Juventus Turin,9856,RABIOT A.,juventus,RABIOT A. juventus,True
1108,2963,326031,Matthijs De Ligt,Juventus Turin,Matthijs De Ligt Juventus Turin,9566,DE LIGT M.,juventus,DE LIGT M. juventus,True
1109,2964,33923,Blaise Matuidi,Juventus Turin,Blaise Matuidi Juventus Turin,8625,MATUIDI B.,juventus,MATUIDI B. juventus,True
1110,2965,340879,Merih Demiral,Juventus Turin,Merih Demiral Juventus Turin,9007,DEMIRAL M.,sassuolo,DEMIRAL M. sassuolo,True
1112,2971,50057,Aaron Ramsey,Juventus Turin,Aaron Ramsey Juventus Turin,9865,RAMSEY A.,juventus,RAMSEY A. juventus,True
1113,2973,75615,Douglas Costa,Juventus Turin,Douglas Costa Juventus Turin,8453,DOUGLAS COST,juventus,DOUGLAS COST juventus,True
1115,2985,332697,Weston Mckennie,Juventus Turin,Weston Mckennie Juventus Turin,10381,MCKENNIE W.,juventus,MCKENNIE W. juventus,True
1118,2998,75411,Carlo Pinsoglio,Juventus Turin,Carlo Pinsoglio Juventus Turin,8709,PINSOGLIO C.,juventus,PINSOGLIO C. juventus,True
1120,3019,45124,Medhi Benatia,Juventus Turin,Medhi Benatia Juventus Turin,4232,BENATIA M.,udinese,BENATIA M. udinese,True
1121,3036,39020,Benedikt Howedes,Juventus Turin,Benedikt Howedes Juventus Turin,8530,HOWEDES B.,juventus,HOWEDES B. juventus,True
1122,3052,119296,Emre Can,Juventus Turin,Emre Can Juventus Turin,167,EMRE Belozog,inter,EMRE Belozog inter,True
1125,3106,144779,Saphir Taider,Us Sassuolo,Saphir Taider Us Sassuolo,5276,TAIDER S.,bologna,TAIDER S. bologna,True
1126,3107,146743,Luca Antei,Us Sassuolo,Luca Antei Us Sassuolo,5961,ANTEI L.,sassuolo,ANTEI L. sassuolo,True
1129,3111,199633,Raman Chibsah,Us Sassuolo,Raman Chibsah Us Sassuolo,6072,CHIBSAH R.,sassuolo,CHIBSAH R. sassuolo,True
1130,3112,21763,Federico Peluso,Us Sassuolo,Federico Peluso Us Sassuolo,3489,PELUSO F.,atalanta,PELUSO F. atalanta,True
1132,3114,22186,Davide Biondini,Us Sassuolo,Davide Biondini Us Sassuolo,1536,BIONDINI D.,reggina,BIONDINI D. reggina,True
1134,3116,30638,Sergio Floccari,Us Sassuolo,Sergio Floccari Us Sassuolo,1703,FLOCCARI S.,messina,FLOCCARI S. messina,True
1135,3117,35747,Simone Missiroli,Us Sassuolo,Simone Missiroli Us Sassuolo,1291,MISSIROLI S.,reggina,MISSIROLI S. reggina,True
1136,3118,35865,Andrea Consigli,Us Sassuolo,Andrea Consigli Us Sassuolo,3220,CONSIGLI A.,atalanta,CONSIGLI A. atalanta,True
1140,3125,77603,Dejan Lazarevic,Us Sassuolo,Dejan Lazarevic Us Sassuolo,6246,LAZAREVIC D.,chievo,LAZAREVIC D. chievo,True
1143,3131,119115,Diego Falcinelli,Us Sassuolo,Diego Falcinelli Us Sassuolo,7301,FALCINELLI D,sassuolo,FALCINELLI D sassuolo,True
1144,3132,124911,Karim Laribi,Us Sassuolo,Karim Laribi Us Sassuolo,6243,LARIBI K.,sassuolo,LARIBI K. sassuolo,True
1145,3133,129505,Marcello Trotta,Us Sassuolo,Marcello Trotta Us Sassuolo,7648,TROTTA M.,sassuolo,TROTTA M. sassuolo,True
1146,3141,21872,Gianluca Pegolo,Us Sassuolo,Gianluca Pegolo Us Sassuolo,4031,PEGOLO G.,siena,PEGOLO G. siena,True
1147,3155,129674,Jeremy Toljan,Us Sassuolo,Jeremy Toljan Us Sassuolo,9952,TOLJAN J.,sassuolo,TOLJAN J. sassuolo,True
1148,3156,131731,Mehdi Bourabia,Us Sassuolo,Mehdi Bourabia Us Sassuolo,8927,BOURABIA M.,sassuolo,BOURABIA M. sassuolo,True
1149,3160,216569,Jeremie Boga,Us Sassuolo,Jeremie Boga Us Sassuolo,8922,BOGA J.,sassuolo,BOGA J. sassuolo,True
1150,3166,273236,Marlon,Us Sassuolo,Marlon Us Sassuolo,9183,MARLON,sassuolo,MARLON sassuolo,True
1151,3169,311178,Georgios Kyriakopoulos,Us Sassuolo,Georgios Kyriakopoulos Us Sassuolo,9708,KYRIAKOPOULO,sassuolo,KYRIAKOPOULO sassuolo,True
1152,3170,353922,Mert Muldur,Us Sassuolo,Mert Muldur Us Sassuolo,9786,MULDUR M.,sassuolo,MULDUR M. sassuolo,True
1154,3175,401527,Rogerio,Us Sassuolo,Rogerio Us Sassuolo,8743,ROGERIO O.,sassuolo,ROGERIO O. sassuolo,True
1155,3176,405885,Giacomo Raspadori,Us Sassuolo,Giacomo Raspadori Us Sassuolo,9868,RASPADORI G.,sassuolo,RASPADORI G. sassuolo,True
1157,3182,119031,Kaan Ayhan,Us Sassuolo,Kaan Ayhan Us Sassuolo,10032,AYHAN K.,sassuolo,AYHAN K. sassuolo,True
1160,3217,231378,Timo Letschert,Us Sassuolo,Timo Letschert Us Sassuolo,7991,LETSCHERT T.,sassuolo,LETSCHERT T. sassuolo,True
1161,3229,62735,Pietro Iemmello,Us Sassuolo,Pietro Iemmello Us Sassuolo,7947,IEMMELLO P.,sassuolo,IEMMELLO P. sassuolo,True
1162,3251,399907,Ognjen Stijepovic,Us Sassuolo,Ognjen Stijepovic Us Sassuolo,8794,STIJEPOVIC O,sampdoria,STIJEPOVIC O sampdoria,True
1163,3270,303140,Mauricio Lemos,Us Sassuolo,Mauricio Lemos Us Sassuolo,6878,MAURICIO,lazio,MAURICIO lazio,True
1167,3297,394300,Davide Frattesi,Us Sassuolo,Davide Frattesi Us Sassuolo,8486,FRATTESI D.,sassuolo,FRATTESI D. sassuolo,True
1169,3301,546176,Brian Oddei,Us Sassuolo,Brian Oddei Us Sassuolo,10422,ODDEI B.,sassuolo,ODDEI B. sassuolo,True
1174,3325,19435,Gianpaolo Bellini,Atalanta Bergamo,Gianpaolo Bellini Atalanta Bergamo,41,BELLINI,atalanta,BELLINI atalanta,True
1177,3331,20913,Giuseppe Biava,Atalanta Bergamo,Giuseppe Biava Atalanta Bergamo,1008,BIAVA,palermo,BIAVA palermo,True
1178,3332,21756,Giulio Migliaccio,Atalanta Bergamo,Giulio Migliaccio Atalanta Bergamo,1286,MIGLIACCIO G,atalanta,MIGLIACCIO G atalanta,True
1179,3333,22093,Guglielmo Stendardo,Atalanta Bergamo,Guglielmo Stendardo Atalanta Bergamo,1946,STENDARDO G.,lazio,STENDARDO G. lazio,True
1181,3335,30687,Maxi Moralez,Atalanta Bergamo,Maxi Moralez Atalanta Bergamo,5116,MORALEZ,atalanta,MORALEZ atalanta,True
1185,3341,50477,Yohan Benalouane,Atalanta Bergamo,Yohan Benalouane Atalanta Bergamo,4267,Benalouane Y,cesena,Benalouane Y cesena,True
1188,3345,76329,Marcelo Estigarribia,Atalanta Bergamo,Marcelo Estigarribia Atalanta Bergamo,4942,ESTIGARRIBIA,juventus,ESTIGARRIBIA juventus,True
1189,3346,76387,Carlos Carmona,Atalanta Bergamo,Carlos Carmona Atalanta Bergamo,3190,CARMONA C.,reggina,CARMONA C. reggina,True
1190,3349,133179,Marten De Roon,Atalanta Bergamo,Marten De Roon Atalanta Bergamo,7259,DE ROON M.,atalanta,DE ROON M. atalanta,True
1191,3350,148252,Remo Freuler,Atalanta Bergamo,Remo Freuler Atalanta Bergamo,7320,FREULER R.,atalanta,FREULER R. atalanta,True
1192,3351,162952,Gaetano Monachello,Atalanta Bergamo,Gaetano Monachello Atalanta Bergamo,7487,MONACHELLO G,atalanta,MONACHELLO G atalanta,True
1193,3352,165513,Berat Djimsiti,Atalanta Bergamo,Berat Djimsiti Atalanta Bergamo,7278,DJIMSITI B.,atalanta,DJIMSITI B. atalanta,True
1196,3378,125020,Jose Luis Palomino,Atalanta Bergamo,Jose Luis Palomino Atalanta Bergamo,8680,PALOMINO J.,atalanta,PALOMINO J. atalanta,True
1198,3383,197470,Mattia Caldara,Atalanta Bergamo,Mattia Caldara Atalanta Bergamo,7773,CALDARA M.,atalanta,CALDARA M. atalanta,True
1199,3387,207877,Ruslan Malinovskyi,Atalanta Bergamo,Ruslan Malinovskyi Atalanta Bergamo,9750,MALINOVSKYI,atalanta,MALINOVSKYI atalanta,True
1200,3389,262226,Timothy Castagne,Atalanta Bergamo,Timothy Castagne Atalanta Bergamo,8370,CASTAGNE T.,atalanta,CASTAGNE T. atalanta,True
1202,3391,275303,Hans Hateboer,Atalanta Bergamo,Hans Hateboer Atalanta Bergamo,7932,HATEBOER H.,atalanta,HATEBOER H. atalanta,True
1204,3407,255450,Aleksey Miranchuk,Atalanta Bergamo,Aleksey Miranchuk Atalanta Bergamo,10396,MIRANCHUK A.,atalanta,MIRANCHUK A. atalanta,True
1205,3412,386914,Sam Lammers,Atalanta Bergamo,Sam Lammers Atalanta Bergamo,10310,LAMMERS S.,atalanta,LAMMERS S. atalanta,True
1206,3429,312735,Bryan Cabezas,Atalanta Bergamo,Bryan Cabezas Atalanta Bergamo,7770,CABEZAS B.,atalanta,CABEZAS B. atalanta,True
1207,3453,264514,Luca Vido,Atalanta Bergamo,Luca Vido Atalanta Bergamo,8837,VIDO L.,atalanta,VIDO L. atalanta,True
1208,3457,486624,Musa Barrow,Atalanta Bergamo,Musa Barrow Atalanta Bergamo,8295,BARROW M.,atalanta,BARROW M. atalanta,True
1209,3474,315850,Marco Tumminello,Atalanta Bergamo,Marco Tumminello Atalanta Bergamo,8820,TUMMINELLO M,crotone,TUMMINELLO M crotone,True
1211,3500,369674,Joakim Maehle,Atalanta Bergamo,Joakim Maehle Atalanta Bergamo,10344,MAEHLE J.,atalanta,MAEHLE J. atalanta,True
1213,3518,130353,Hordur Magnusson,Cesena Fc,Hordur Magnusson Cesena Fc,6851,MAGNUSSON,cesena,MAGNUSSON cesena,True
1215,3520,136111,Nicola Leali,Cesena Fc,Nicola Leali Cesena Fc,4468,LEALI,brescia,LEALI brescia,True
1216,3522,13749,Gaby Mudingayi,Cesena Fc,Gaby Mudingayi Cesena Fc,1832,MUDINGAYI,lazio,MUDINGAYI lazio,True
1217,3523,138584,Luka Krajnc,Cesena Fc,Luka Krajnc Cesena Fc,5622,KRAJNC L.,genoa,KRAJNC L. genoa,True
1218,3524,16137,Franco Brienza,Cesena Fc,Franco Brienza Cesena Fc,531,BRIENZA F.,perugia,BRIENZA F. perugia,True
1220,3529,221815,Constantin Nica,Cesena Fc,Constantin Nica Cesena Fc,4308,CONSTANT,chievo,CONSTANT chievo,True
1222,3531,24305,Giuseppe De Feudis,Cesena Fc,Giuseppe De Feudis Cesena Fc,6668,DE FEUDIS,cesena,DE FEUDIS cesena,True
1223,3532,287663,Luca Valzania,Cesena Fc,Luca Valzania Cesena Fc,7080,VALZANIA L.,cesena,VALZANIA L. cesena,True
1227,3536,30332,Daniele Capelli,Cesena Fc,Daniele Capelli Cesena Fc,1044,CAPELLI,atalanta,CAPELLI atalanta,True
1229,3538,38602,Nico Pulzetti,Cesena Fc,Nico Pulzetti Cesena Fc,2973,PULZETTI,livorno,PULZETTI livorno,True
1232,3542,61751,Antonio Mazzotta,Cesena Fc,Antonio Mazzotta Cesena Fc,6879,MAZZOTTA A.,cesena,MAZZOTTA A. cesena,True
1233,3544,67556,Milan Djuric,Cesena Fc,Milan Djuric Cesena Fc,6690,DJURIC,cesena,DJURIC cesena,True
1235,3546,8206,Emmanuel Cascione,Cesena Fc,Emmanuel Cascione Cesena Fc,2644,CASCIONE E.,reggina,CASCIONE E. reggina,True
1237,3548,9824,Hugo Almeida,Cesena Fc,Hugo Almeida Cesena Fc,6781,HUGO ALMEIDA,cesena,HUGO ALMEIDA cesena,True
1239,3558,184528,Emil Krafth,Fc Bologna,Emil Krafth Fc Bologna,7402,KRAFTH E.,bologna,KRAFTH E. bologna,True
1241,3564,286949,Adam Masina,Fc Bologna,Adam Masina Fc Bologna,7459,MASINA A.,bologna,MASINA A. bologna,True
1242,3568,35703,Robert Acquafresca,Fc Bologna,Robert Acquafresca Fc Bologna,1485,ACQUAFRESCA,treviso,ACQUAFRESCA treviso,True
1246,3578,85066,Archimede Morleo,Fc Bologna,Archimede Morleo Fc Bologna,4540,MORLEO A.,bologna,MORLEO A. bologna,True
1247,3580,140206,Ladislav Krejci,Fc Bologna,Ladislav Krejci Fc Bologna,7980,KREJCI L.,bologna,KREJCI L. bologna,True
1248,3582,182923,Stefano Denswil,Fc Bologna,Stefano Denswil Fc Bologna,9578,DENSWIL S.,bologna,DENSWIL S. bologna,True
1249,3583,187245,Mitchell Dijks,Fc Bologna,Mitchell Dijks Fc Bologna,9018,DIJKS M.,bologna,DIJKS M. bologna,True
1250,3586,331560,Takehiro Tomiyasu,Fc Bologna,Takehiro Tomiyasu Fc Bologna,9954,TOMIYASU T.,bologna,TOMIYASU T. bologna,True
1251,3587,342405,Mattias Svanberg,Fc Bologna,Mattias Svanberg Fc Bologna,9368,SVANBERG M.,bologna,SVANBERG M. bologna,True
1252,3588,347900,Jerdy Schouten,Fc Bologna,Jerdy Schouten Fc Bologna,9908,SCHOUTEN J.,bologna,SCHOUTEN J. bologna,True
1253,3589,368482,Riccardo Orsolini,Fc Bologna,Riccardo Orsolini Fc Bologna,8672,ORSOLINI R.,atalanta,ORSOLINI R. atalanta,True
1255,3592,432982,Andreas Skov Olsen,Fc Bologna,Andreas Skov Olsen Fc Bologna,9923,SKOV OLSEN A,bologna,SKOV OLSEN A bologna,True
1257,3601,99180,Federico Santander,Fc Bologna,Federico Santander Fc Bologna,9326,SANTANDER F.,bologna,SANTANDER F. bologna,True
1261,3619,464446,Andri Fannar Baldursson,Fc Bologna,Andri Fannar Baldursson Fc Bologna,10035,BALDURSSON A,bologna,BALDURSSON A bologna,True
1262,3622,562030,Musa Juwara,Fc Bologna,Musa Juwara Fc Bologna,9118,JUWARA M.,chievo,JUWARA M. chievo,True
1263,3623,591949,Aaron Hickey,Fc Bologna,Aaron Hickey Fc Bologna,10261,HICKEY A.,bologna,HICKEY A. bologna,True
1265,3650,368559,Adam Nagy,Fc Bologna,Adam Nagy Fc Bologna,8065,NAGY A.,bologna,NAGY A. bologna,True
1270,3680,401935,Orji Okwonkwo,Fc Bologna,Orji Okwonkwo Fc Bologna,8669,OKWONKWO O.,bologna,OKWONKWO O. bologna,True
1272,3707,474621,Juan Manuel Valencia,Fc Bologna,Juan Manuel Valencia Fc Bologna,9388,VALENCIA J.,bologna,VALENCIA J. bologna,True
1274,3726,401920,Kingsley Michael,Fc Bologna,Kingsley Michael Fc Bologna,9692,KINGSLEY M.,bologna,KINGSLEY M. bologna,True
1275,3727,41384,Marko Arnautovic,Fc Bologna,Marko Arnautovic Fc Bologna,3654,ARNAUTOVIC M,inter,ARNAUTOVIC M inter,True
1280,3746,130382,Jerry Mbakogu,Carpi Fc 1909,Jerry Mbakogu Carpi Fc 1909,7469,MBAKOGU,carpi,MBAKOGU carpi,True
1281,3748,149526,Marco Crimi,Carpi Fc 1909,Marco Crimi Carpi Fc 1909,7243,CRIMI,carpi,CRIMI carpi,True
1282,3749,149946,Raphael Martinho,Carpi Fc 1909,Raphael Martinho Carpi Fc 1909,4510,MARTINHO,catania,MARTINHO catania,True
1284,3751,160560,Gaetano Letizia,Carpi Fc 1909,Gaetano Letizia Carpi Fc 1909,7420,LETIZIA G.,carpi,LETIZIA G. carpi,True
1285,3752,163600,Emanuele Suagher,Carpi Fc 1909,Emanuele Suagher Carpi Fc 1909,7628,SUAGHER E.,carpi,SUAGHER E. carpi,True
1286,3754,165724,Lorenzo Pasciuti,Carpi Fc 1909,Lorenzo Pasciuti Carpi Fc 1909,7521,PASCIUTI,carpi,PASCIUTI carpi,True
1292,3766,61358,Filippo Porcari,Carpi Fc 1909,Filippo Porcari Carpi Fc 1909,368,PORCARI,parma,PORCARI parma,True
1293,3768,73090,Vid Belec,Carpi Fc 1909,Vid Belec Carpi Fc 1909,5378,BELEC V.,inter,BELEC V. inter,True
1295,3779,119366,Leonardo Blanchard,Frosinone Calcio,Leonardo Blanchard Frosinone Calcio,7171,BLANCHARD,frosinone,BLANCHARD frosinone,True
1297,3782,130348,Roberto Crivello,Frosinone Calcio,Roberto Crivello Frosinone Calcio,7246,CRIVELLO,frosinone,CRIVELLO frosinone,True
1303,3795,43206,Massimiliano Carlini,Frosinone Calcio,Massimiliano Carlini Frosinone Calcio,7202,CARLINI,frosinone,CARLINI frosinone,True
1304,3796,43237,Massimo Zappino,Frosinone Calcio,Massimo Zappino Frosinone Calcio,7674,ZAPPINO,frosinone,ZAPPINO frosinone,True
1306,3798,52188,Robert Gucher,Frosinone Calcio,Robert Gucher Frosinone Calcio,7355,GUCHER,frosinone,GUCHER frosinone,True
1309,3801,7101,Paolo Sammarco,Frosinone Calcio,Paolo Sammarco Frosinone Calcio,1383,SAMMARCO P.,chievo,SAMMARCO P. chievo,True
1310,3802,87282,Aleksandar Tonev,Frosinone Calcio,Aleksandar Tonev Frosinone Calcio,7643,TONEV A.,frosinone,TONEV A. frosinone,True
1311,3803,87893,Vasyl Pryima,Frosinone Calcio,Vasyl Pryima Frosinone Calcio,7557,PRYIMA,frosinone,PRYIMA frosinone,True
1312,3804,91914,Davide Bertoncini,Frosinone Calcio,Davide Bertoncini Frosinone Calcio,7161,BERTONCINI,frosinone,BERTONCINI frosinone,True
1313,3805,109110,Nicolo Brighenti,Frosinone Calcio,Nicolo Brighenti Frosinone Calcio,8930,BRIGHENTI N.,frosinone,BRIGHENTI N. frosinone,True
1314,3810,131248,Joel Campbell,Frosinone Calcio,Joel Campbell Frosinone Calcio,8946,CAMPBELL J.,frosinone,CAMPBELL J. frosinone,True
1315,3820,205023,Rai Vloet,Frosinone Calcio,Rai Vloet Frosinone Calcio,9406,VLOET R.,frosinone,VLOET R. frosinone,True
1317,3832,415550,Joaquin Ardaiz,Frosinone Calcio,Joaquin Ardaiz Frosinone Calcio,6220,JOAQUIN,fiorentina,JOAQUIN fiorentina,True
1320,48653,131758,Jesse Joronen,Brescia Calcio,Jesse Joronen Brescia Calcio,9686,JORONEN J.,brescia,JORONEN J. brescia,True
1323,48658,213614,Jhon Chancellor,Brescia Calcio,Jhon Chancellor Brescia Calcio,9531,CHANCELLOR J,brescia,CHANCELLOR J brescia,True
1325,48660,235413,Jaromir Zmrhal,Brescia Calcio,Jaromir Zmrhal Brescia Calcio,10005,ZMRHAL J.,brescia,ZMRHAL J. brescia,True
1328,48664,287717,Emanuele Ndoj,Brescia Calcio,Emanuele Ndoj Brescia Calcio,4363,EMANUELSON,milan,EMANUELSON milan,True
1330,48667,337381,Andrea Cistana,Brescia Calcio,Andrea Cistana Brescia Calcio,9537,CISTANA A.,brescia,CISTANA A. brescia,True
1331,48668,34334,Enrico Alfonso,Brescia Calcio,Enrico Alfonso Brescia Calcio,9431,ALFONSO E.,brescia,ALFONSO E. brescia,True
1332,48669,34453,Birkir Bjarnason,Brescia Calcio,Birkir Bjarnason Brescia Calcio,5400,BJARNASON B.,pescara,BJARNASON B. pescara,True
1333,48670,372713,Florian Aye,Brescia Calcio,Florian Aye Brescia Calcio,1240,LORIA,cagliari,LORIA cagliari,True
1334,48671,395805,Massimiliano Mangraviti,Brescia Calcio,Massimiliano Mangraviti Brescia Calcio,9754,MANGRAVITI M,brescia,MANGRAVITI M brescia,True
1336,48695,124002,Biagio Meccariello,Us Lecce,Biagio Meccariello Us Lecce,9771,MECCARIELLO,lecce,MECCARIELLO lecce,True
1337,48698,130756,Giannelli Imbula,Us Lecce,Giannelli Imbula Us Lecce,9672,IMBULA G.,lecce,IMBULA G. lecce,True
1340,48703,180805,Zan Majer,Us Lecce,Zan Majer Us Lecce,9747,MAJER Z.,lecce,MAJER Z. lecce,True
1341,48704,218067,Jacopo Petriccione,Us Lecce,Jacopo Petriccione Us Lecce,9838,PETRICCIONE,lecce,PETRICCIONE lecce,True
1343,48710,58970,Yevgen Shakhov,Us Lecce,Yevgen Shakhov Us Lecce,9915,SHAKHOV E.,lecce,SHAKHOV E. lecce,True
1351,48749,318707,Karlo Letica,Spal,Karlo Letica Spal,9724,LETICA K.,spal,LETICA K. spal,True
1353,48755,457673,Gabriel Strefezza,Spal,Gabriel Strefezza Spal,9936,STREFEZZA G.,spal,STREFEZZA G. spal,True
1354,48768,363610,Georgi Tunjov,Spal,Georgi Tunjov Spal,9964,TUNJOV G.,spal,TUNJOV G. spal,True
1359,48788,250937,Gabriele Marchegiani,Spal,Gabriele Marchegiani Spal,278,MARCHEGIANI,lazio,MARCHEGIANI lazio,True
1360,48789,261095,Sauli Vaisanen,Spal,Sauli Vaisanen Spal,8823,VAISANEN S.,spal,VAISANEN S. spal,True
1364,48799,75076,Everton Luiz,Spal,Everton Luiz Spal,8466,EVERTON LUIZ,spal,EVERTON LUIZ spal,True
1365,48801,83409,Michele Cremonesi,Spal,Michele Cremonesi Spal,8406,CREMONESI M.,spal,CREMONESI M. spal,True
1366,48802,83458,Mirco Antenucci,Spal,Mirco Antenucci Spal,4203,ANTENUCCI M.,catania,ANTENUCCI M. catania,True
1368,48818,327326,Giacomo Poluzzi,Spal,Giacomo Poluzzi Spal,686,GIACOMAZZI,lecce,GIACOMAZZI lecce,True
1369,48820,34561,Johan Djourou,Spal,Johan Djourou Spal,9026,DJOUROU J.,spal,DJOUROU J. spal,True
1370,48837,121402,Ahmad Benali,Fc Crotone,Ahmad Benali Fc Crotone,7739,BENALI A.,pescara,BENALI A. pescara,True
1371,48840,16633,Alex Cordaz,Fc Crotone,Alex Cordaz Fc Crotone,7805,CORDAZ A.,crotone,CORDAZ A. crotone,True
1372,48841,169841,Vladimir Golemic,Fc Crotone,Vladimir Golemic Fc Crotone,10242,GOLEMIC V.,crotone,GOLEMIC V. crotone,True
1373,48843,194549,Simy,Fc Crotone,Simy Fc Crotone,8184,SIMY N.,crotone,SIMY N. crotone,True
1375,48847,270901,Milos Vulic,Fc Crotone,Milos Vulic Fc Crotone,10630,VULIC M.,crotone,VULIC M. crotone,True
1377,48852,365565,Giuseppe Cuomo,Fc Crotone,Giuseppe Cuomo Fc Crotone,7818,CUOMO G.,crotone,CUOMO G. crotone,True
1382,48861,102249,Maxwell Acosty,Fc Crotone,Maxwell Acosty Fc Crotone,2345,MAXWELL A.,inter,MAXWELL A. inter,True
1384,48866,139169,Claiton,Fc Crotone,Claiton Fc Crotone,6078,CLAITON DOS,chievo,CLAITON DOS chievo,True
1385,48867,146680,Andrea Barberis,Fc Crotone,Andrea Barberis Fc Crotone,7726,BARBERIS A.,crotone,BARBERIS A. crotone,True
1386,48868,160357,Mario Sampirisi,Fc Crotone,Mario Sampirisi Fc Crotone,5241,SAMPIRISI M.,genoa,SAMPIRISI M. genoa,True
1387,48869,160736,Noe Dussenne,Fc Crotone,Noe Dussenne Fc Crotone,7857,DUSSENNE N.,crotone,DUSSENNE N. crotone,True
1388,48873,168933,Eddy Gnahore,Fc Crotone,Eddy Gnahore Fc Crotone,7913,GNAHORÉ E.,crotone,GNAHORÉ E. crotone,True
1390,48877,205809,Marcus Rohden,Fc Crotone,Marcus Rohden Fc Crotone,8152,ROHDEN M.,crotone,ROHDEN M. crotone,True
1392,48880,278578,Andrea Nalini,Fc Crotone,Andrea Nalini Fc Crotone,8067,NALINI A.,crotone,NALINI A. crotone,True
1395,48902,291400,Giovanni Crociata,Fc Crotone,Giovanni Crociata Fc Crotone,8410,CROCIATA G.,crotone,CROCIATA G. crotone,True
1396,48927,163489,Riccardo Improta,Benevento Calcio,Riccardo Improta Benevento Calcio,6210,IMPROTA R.,chievo,IMPROTA R. chievo,True
1398,48934,338637,Daam Foulon,Benevento Calcio,Daam Foulon Benevento Calcio,10224,FOULON D.,benevento,FOULON D. benevento,True
1400,48938,532040,Giuseppe Di Serio,Benevento Calcio,Giuseppe Di Serio Benevento Calcio,10179,DI SERIO G.,benevento,DI SERIO G. benevento,True
1405,48950,139634,Ledian Memushaj,Benevento Calcio,Ledian Memushaj Benevento Calcio,4520,MEMUSHAJ L.,chievo,MEMUSHAJ L. chievo,True
1406,48953,148004,Alin Tosca,Benevento Calcio,Alin Tosca Benevento Calcio,8817,TOSCA A.,benevento,TOSCA A. benevento,True
1407,48958,189340,Gianluca Di Chiara,Benevento Calcio,Gianluca Di Chiara Benevento Calcio,8437,DI CHIARA G.,benevento,DI CHIARA G. benevento,True
1409,48962,208690,George Puscas,Benevento Calcio,George Puscas Benevento Calcio,6984,PUSCAS G.,inter,PUSCAS G. inter,True
1410,48966,244061,Lorenzo Del Pinto,Benevento Calcio,Lorenzo Del Pinto Benevento Calcio,8431,DEL PINTO L.,benevento,DEL PINTO L. benevento,True
1412,48970,339982,Bright Gyamfi,Benevento Calcio,Bright Gyamfi Benevento Calcio,8518,GYAMFI B.,benevento,GYAMFI B. benevento,True
1413,48973,387017,Giovanni Volpicelli,Benevento Calcio,Giovanni Volpicelli Benevento Calcio,929,VOLPI S.,sampdoria,VOLPI S. sampdoria,True
1414,48974,395083,Andreaw Gravillon,Benevento Calcio,Andreaw Gravillon Benevento Calcio,8514,GRAVILLON A.,benevento,GRAVILLON A. benevento,True
1417,48981,78082,Cheick Diabate,Benevento Calcio,Cheick Diabate Benevento Calcio,8440,DIABATE C.,benevento,DIABATE C. benevento,True
1420,48995,238947,Elio Capradossi,Spezia Calcio,Elio Capradossi Spezia Calcio,8364,CAPRADOSSI E,roma,CAPRADOSSI E roma,True
1423,49000,287367,Luca Vignali,Spezia Calcio,Luca Vignali Spezia Calcio,10621,VIGNALI L.,spezia,VIGNALI L. spezia,True
1426,49005,354814,Mbala Nzola,Spezia Calcio,Mbala Nzola Spezia Calcio,10420,NZOLA M.,spezia,NZOLA M. spezia,True
1430,49014,624548,Salva Ferrer,Spezia Calcio,Salva Ferrer Spezia Calcio,10221,FERRER S.,spezia,FERRER S. spezia,True
1431,49016,79045,Jeroen Zoet,Spezia Calcio,Jeroen Zoet Spezia Calcio,10649,ZOET J.,spezia,ZOET J. spezia,True
1442,49537,141654,Michele Fornasier,Delfino Pescara 1936,Michele Fornasier Delfino Pescara 1936,6157,FORNASIER M.,sampdoria,FORNASIER M. sampdoria,True
1444,49541,164897,Jean Christophe Bahebeck,Delfino Pescara 1936,Jean Christophe Bahebeck Delfino Pescara 1936,7721,BAHEBECK J.,pescara,BAHEBECK J. pescara,True
1445,49542,165381,Dario Zuparic,Delfino Pescara 1936,Dario Zuparic Delfino Pescara 1936,8256,ZUPARIC D.,pescara,ZUPARIC D. pescara,True
1446,49548,209649,Alexandru Mitrita,Delfino Pescara 1936,Alexandru Mitrita Delfino Pescara 1936,8047,MITRITA A.,pescara,MITRITA A. pescara,True
1448,49553,267101,Davide Vitturini,Delfino Pescara 1936,Davide Vitturini Delfino Pescara 1936,8237,VITTURINI D.,pescara,VITTURINI D. pescara,True
1449,49555,298635,Grigoris Kastanos,Delfino Pescara 1936,Grigoris Kastanos Delfino Pescara 1936,7968,KASTANOS G.,pescara,KASTANOS G. pescara,True
1458,50383,393904,Filippo Delli Carri,Us Salernitana 1919,Filippo Delli Carri Us Salernitana 1919,153,DELLI CARRI,torino,DELLI CARRI torino,True
1462,50393,616631,Matteo Ruggeri,Us Salernitana 1919,Matteo Ruggeri Us Salernitana 1919,10528,RUGGERI M.,atalanta,RUGGERI M. atalanta,True
1471,50413,228444,Ridgeciano Haps,Venezia Fc,Ridgeciano Haps Venezia Fc,8969,CIANO C.,frosinone,CIANO C. frosinone,True
1480,50426,412513,Thomas Henry,Venezia Fc,Thomas Henry Venezia Fc,717,JOB Thomas H,sampdoria,JOB Thomas H sampdoria,True
1482,50428,438961,Michael Svoboda,Venezia Fc,Michael Svoboda Venezia Fc,327,OBODO,perugia,OBODO perugia,True
